Position_Pose,Position_PDB,Chain,WT,Mutation,Label,ddG_total_score,wt_total_score,mut_total_score,n_replicas,ddG_fa_atr,ddG_fa_rep,ddG_fa_sol,ddG_fa_intra_rep,ddG_fa_intra_sol_xover4,ddG_lk_ball_wtd,ddG_fa_elec,ddG_hbond_sr_bb,ddG_hbond_lr_bb,ddG_hbond_bb_sc,ddG_hbond_sc,ddG_dslf_fa13,ddG_omega,ddG_fa_dun,ddG_p_aa_pp,ddG_yhh_planarity,ddG_ref,ddG_rama_prepro,ddG_cart_bonded
1,1,A,M,G,M1G,-0.8380742123334883,-20.80372474017259,-21.64179895250608,1,2.305156996135622,-0.3957401559737832,0.0223683909310778,-0.0039689078109823,0.0361161764833113,0.0753385980227854,-0.3550205433765825,0.0720660563079143,0.0,0.0,0.0,0.0,0.0238498847275774,-1.7762983301517965,-0.0102065198165122,0.0,-0.8591900000000052,-0.0325468417342236,0.0600009839221016
1,1,A,M,A,M1A,-0.808552063032927,-20.80372474017259,-21.61227680320552,1,1.614218703891197,-0.3031486089607362,-0.1741947846258682,-0.0039596104905337,0.0367445211507533,0.0376336387880495,-0.2562905317603423,0.1071011081849846,0.0,0.0,0.0,0.0,0.0497407484918828,-1.7142783094217968,-0.0326497207559495,0.0,-0.3326700000000038,-0.1019127933580943,0.2651135758335492
1,1,A,M,L,M1L,-0.1670135140721704,-20.80372474017259,-20.97073825424476,1,0.4033522740071333,-0.01378594294302,-0.1688238046336323,0.0060227596056113,0.160650888453933,-0.0247508042800852,-0.143167497013664,0.1282092793644054,0.0,0.0,0.0,0.0,0.0372941851145558,-0.7457097455140804,-0.0259357923754357,0.0,0.0041200000000003,-0.0797386989486117,0.2952493850907185
1,1,A,M,M,M1M,0.0,-20.80372474017259,-20.80372474017259,1,0.0,0.0,0.0,0.0,0.0,0.0,0.0,0.0,0.0,0.0,0.0,0.0,0.0,0.0,0.0,0.0,0.0,0.0,0.0
1,1,A,M,F,M1F,0.737337123269036,-20.80372474017259,-20.066387616903555,1,0.4683657533959149,-0.1425532300473957,0.8961131531671214,0.0160422220637251,0.0646224887621098,0.0367856283321046,0.002683616603754,0.1628772724562033,0.0,0.0,0.0,0.0,0.068124859154127,-0.4042571940383688,-0.0545173133931404,0.0,-0.4390600000000049,-0.1717791291586081,0.2338889959715047
1,1,A,M,W,M1W,0.4733771153109813,-20.80372474017259,-20.33034762486161,1,-1.2013641120841925,0.0512275878205095,0.5300815321479746,0.0255932704052654,0.1411574455114239,-0.3494561342193361,0.2074112530277432,0.5716377274538047,0.0,0.0,0.0,0.0,0.1129458799537148,-0.4176898560625695,-0.087780973159369,0.0,0.6036399999999951,-0.2227593896772575,0.5087328841932752
1,1,A,M,K,M1K,-2.0048725008040407,-20.80372474017259,-22.80859724097663,1,-0.0608674512160121,-0.1981144185658951,0.8769681578249191,-0.0020096752625772,0.198295445845301,-0.1072497169513226,-0.2019949250029924,0.0364453511752422,0.0,0.0,0.0,0.0,-0.0011079365393613,-0.416987344555519,0.0016990675056469,0.0,-2.371930000000006,0.0160845299796648,0.2258964149588784
1,1,A,M,Q,M1Q,-0.7997241098076806,-20.80372474017259,-21.60344884998027,1,1.5844555724830371,-0.3557923429227028,0.4181148711983553,0.0027114253828748,0.2970849310680901,0.0267473344310147,-0.3317642332095332,0.0689327944113955,0.0,0.0,0.0,0.0,0.0358021354168325,0.4666191441407896,-0.0185476152450261,0.0,-3.108300000000005,-0.0544946378787312,0.1687065109159373
1,1,A,M,E,M1E,-1.868447810616125,-20.80372474017259,-22.672172550788716,1,1.52662927819172,-0.2846316007874989,0.4057263773967037,0.00284842225913,0.3565617410522161,0.1002023893144858,-0.54868173186577,0.0451030118075301,0.0,0.0,0.0,0.0,0.0534341529346811,0.6533909476361259,-0.0106063056013383,0.0,-4.381880000000006,-0.0278154393055043,0.2412709463514062
1,1,A,M,S,M1S,-3.513282295855795,-20.80372474017259,-24.317007036028382,1,1.490360731376711,-0.3035324972410365,0.6935155874351153,-0.0060822348450867,0.0643868701031458,0.1253582777211814,-1.7300169317677572,0.0055852245559151,0.0,-0.729161862013938,0.0,0.0,0.0406678292429667,-1.544914510959135,-0.0020359785587606,0.0,-1.9470400000000048,0.0013103457419969,0.3283168533528826
1,1,A,M,P,M1P,-2.5131306660168597,-20.80372474017259,-23.31685540618945,1,1.472971081369835,-0.1208064088022169,0.3317127947676965,-0.0004989360913555,0.081220191201881,0.3745356266448691,-0.295393312839991,0.0322883758308165,0.0,0.0,0.0,0.0,0.1075367022380746,-1.6369795691444544,0.0062025626828614,0.0,-3.300560000000006,0.0293914998557074,0.4052487262694395
1,1,A,M,V,M1V,0.0521562980148075,-20.80372474017259,-20.751568442157783,1,0.660472685837945,-0.2018693499977537,-0.2278853417379736,0.0153249914018978,0.0747798430986241,0.0475927111426184,-0.0998689547042346,0.0299458474880864,0.0,0.0,0.0,0.0,-0.0014444310421801,-1.542376040716384,0.0196000622438508,0.0,0.9853399999999972,0.0764798221317093,0.2160644528686148
1,1,A,M,I,M1I,0.1616120168390864,-20.80372474017259,-20.642112723333504,1,0.5837218842947465,-0.1732533685434241,-0.2078571863507079,0.0261470853618638,0.1401940804025994,0.0738728769708458,-0.1424163969080183,0.0307880442564609,0.0,0.0,0.0,0.0,0.0010744054240841,-1.2202687216454429,0.0136053155337776,0.0,0.6463899999999967,0.0577342111348908,0.3318797869074021
1,1,A,M,C,M1C,1.143754837114919,-20.80372474017259,-19.65996990305767,1,0.8030279212946994,-0.1657041622730428,-0.0583709832690431,-0.0123416656609418,0.0507573840476434,0.0212515066820078,-0.2567912943036958,0.0459747257645055,0.0,0.0,0.0,0.0,0.0209379836279726,-0.9912818254932744,-0.0043894344967843,0.0,1.5974399999999953,-0.0085839304597215,0.1018286116546072
1,1,A,M,Y,M1Y,0.1954381483124798,-20.80372474017259,-20.60828659186011,1,0.4139244840124831,-0.2773838843953449,1.3447323736589285,0.0136157564783008,0.1032718367096761,-0.1810538663293055,-0.0938478160344544,0.1598399067371474,0.0,0.0,0.0,0.0,0.0325538491078625,-0.2246868212528703,-0.0564694345524341,0.0188878933652405,-1.0751200000000054,-0.1776916236833372,0.1948654944905907
1,1,A,M,H,M1H,-1.0765897699806573,-20.80372474017259,-21.880314510153248,1,-0.1215498166606749,-0.2201283785324026,1.080060082119786,-0.0076609906855226,0.3859537467852512,-0.3867705856206527,-0.0822215583956875,0.1059414301380492,0.0,0.0,0.0,0.0,0.0150578338247764,-0.1037117369529774,-0.0234467579176451,0.0,-1.9580000000000055,-0.0730191706958329,0.3129061326128877
1,1,A,M,R,M1R,-0.502982219679069,-20.80372474017259,-21.30670695985166,1,-0.0371559787107003,-0.1421817005013608,0.9909618630923802,0.0030077843833484,0.3520559542561923,-0.4490598353753601,0.0146439259152018,0.0828961126264324,0.0,0.0,0.0,0.0,0.0137684364967696,0.3475398245739072,-0.0194159040053998,0.0,-1.752090000000006,-0.0597830978456368,0.1518303954151623
1,1,A,M,N,M1N,-1.4017739645623737,-20.80372474017259,-22.205498704734964,1,0.7123070629864117,-0.3030468325078654,1.1039132823429014,-0.0034281888063441,0.4452817753224636,-0.5608960712339304,0.0228321853941437,0.1371129408933846,0.0,0.0,0.0,0.0,0.0147405075085871,0.0210959839441926,-0.032739367784135,0.0,-2.997610000000005,-0.1042021676140976,0.142864924991926
1,1,A,M,D,M1D,-2.0096582959856093,-20.80372474017259,-22.8133830361582,1,-0.042598575416676,0.696233429373958,2.4443371767549564,-0.0087525976619302,0.4331728056883257,-0.2594541646453816,-3.2506074489669956,0.0476239904281321,0.0,-0.2982122499520452,0.0,0.0,0.0490878560837479,0.7254294071799734,-0.0181822315655126,0.0,-3.8030900000000063,-0.0591508547723513,1.3345051614861916
1,1,A,M,T,M1T,-2.199794428533302,-20.80372474017259,-23.003519168705893,1,1.4036914644916152,-0.352980421776877,0.8081892773504791,0.0039272183218325,0.0742974427616172,0.1100002519795211,-1.7150737246396304,0.0049635338932958,0.0,-0.6989059152868728,0.0,0.0,0.0451425602045467,-1.651209631775572,-0.0047362590519102,0.0,-0.5056000000000047,-0.0057670125835347,0.2842667875781846
2,2,A,L,G,L2G,4.243800420489265,-20.74253053257472,-16.498730112085454,1,4.368402263856808,-0.752090352084462,2.738564696897967,-0.0388847542693999,-0.0933739902593124,-0.2576491464714756,-0.2517981185220534,-0.4311134723014902,0.0,0.0,0.0,0.1032941263506789,-0.2901308782166927,0.0192956656553455,0.5697300238769253,0.0,-0.8633100000000056,0.4972013362651868,-1.0743369802887486
2,2,A,L,A,L2A,3.097148713250924,-20.74253053257472,-17.645381819323795,1,5.053323729671774,-0.5985842439816196,1.6639902553178274,-0.0567744356344546,-0.3237028768761254,-0.525915332995071,0.5199089959291499,-0.2969760753295389,0.0,0.0,0.0,0.057289248359444,-0.1067719241907956,-0.0700806561337756,-0.2625036682357313,0.0,-0.3367900000000041,-0.6749740599149874,-0.9442902427351854
2,2,A,L,L,L2L,-1.4210854715202004e-14,-20.74253053257472,-20.742530532574733,1,0.0,0.0,0.0,0.0,0.0,0.0,-7.105427357601002e-15,0.0,0.0,0.0,0.0,0.0,0.0,0.0,0.0,0.0,0.0,0.0,0.0
2,2,A,L,M,L2M,1.5387468475491453,-20.74253053257472,-19.203783685025577,1,-1.3484245580799694,0.0403928476510362,1.5176504462868223,-0.0426995976843148,0.0028260633194046,-0.478226254548785,0.8047089785122878,0.2924403176089711,0.0,0.0,0.0,0.0349234940280019,-0.0926976496700491,1.6425631429987495,0.023226962360981,0.0,-0.0041200000000003,-0.3037932964846881,-0.5500240487493038
2,2,A,L,F,L2F,-0.5408689394689716,-20.74253053257472,-21.28339947204369,1,-3.375586686588761,0.5729166679750346,1.0198068317419455,0.0035908184874444,0.1381531925126724,-0.0541916587332451,0.2618107486070897,-0.2984653705335205,0.0,0.0,0.0,0.1350224763595392,0.0109543324880383,2.1312122433076475,-0.2864224840552907,0.0,-0.4431800000000052,0.2635338689766744,-0.6200239200142423
2,2,A,L,W,L2W,-0.1726313267892116,-20.74253053257472,-20.91516185936393,1,-3.4036101775707692,0.3929377846696802,-0.8218211326117313,-0.0302608663758609,0.0607686944539969,-0.4018151706622266,0.7740728327680202,0.1347483003349339,0.0,0.0,0.0,0.0959751738993596,0.4056034828487065,1.0920889062665644,0.2181683053354812,0.0,0.5995199999999947,-0.442650754335963,1.153643294190598
2,2,A,L,K,L2K,1.449313327196542,-20.74253053257472,-19.293217205378177,1,1.5299949276251112,-0.5262512597841642,2.456789804463881,-0.02583385512726,-0.025598383757031,-0.2551719596280861,0.7749425108315364,-0.2063505444711211,0.0,0.0,0.0,0.0885748407472724,-0.1553807234461366,1.2630142878778408,0.1675506439916405,0.0,-2.3760500000000064,-0.3086793485659846,-0.952237613560948
2,2,A,L,Q,L2Q,1.227143140590293,-20.74253053257472,-19.515387391984422,1,1.0618436429257372,-0.5304190205210215,4.578120608586559,-0.0463957245188692,-0.0829110672414721,-0.690731734067084,-0.0979289123657878,-0.069867319245386,0.0,0.0,-1.7802802103588946,0.0589115560592918,-0.1548271395024407,3.1142076822272102,0.0172446163610684,0.0,-3.1124200000000055,-0.2640625606876394,-0.7733412770609718
2,2,A,L,E,L2E,1.1235477716831284,-20.74253053257472,-19.61898276089159,1,1.9519522947934291,-0.5500632549357594,5.6320829336256395,-0.0489922594623824,0.0284767592485319,-0.4764347176860095,-1.2846233904112552,-0.1157817377775671,0.0,0.0,-1.3353247568389714,0.0552239763137824,-0.1607926841372291,3.3125561624251,-0.0715755790245349,0.0,-4.386000000000006,-0.540423185752644,-0.886732788696996
2,2,A,L,S,L2S,3.821270144805556,-20.74253053257472,-16.921260387769163,1,5.002379090934284,-0.7920139744187491,3.1234385441284473,-0.0569212060618836,-0.284205981463324,-0.5694351866105869,-0.0141618713513551,-0.3356487451369823,0.0,0.0,0.0,0.0903951888579329,-0.132044413835431,0.6288251964922402,0.3378369973579644,0.0,-1.9511600000000051,-0.199471183694774,-1.0265423103922338
2,2,A,L,P,L2P,4.478809080889118,-20.74253053257472,-16.2637214516856,1,3.29801492144297,0.0171743150663381,2.1374826447841286,-0.0562603432388577,-0.2767487416058261,-0.207459872693315,1.0705456621632194,-0.3161110462266201,0.0,0.0,0.0,0.1005888935518815,0.1702716786906084,0.5902193545455674,-0.1088758875835207,0.0,-3.3046800000000065,-0.3190599267427405,1.6837074287352998
2,2,A,L,V,L2V,3.25385963375755,-20.74253053257472,-17.48867089881717,1,3.649969320582258,-0.7498041076746293,1.089580875727492,-0.0275349775986634,-0.224708545666342,-0.4584608996338115,0.2245318542167425,0.0651473214218363,0.0,0.0,0.0,0.0584795884472795,0.0711197461699277,-0.522590850024752,0.0186308842864257,0.0,0.9812199999999968,-0.2273470427878585,-0.6943735337083456
2,2,A,L,I,L2I,1.604242176606899,-20.74253053257472,-19.13828835596782,1,-1.3976063844404791,0.0222200778281536,1.3785914856318868,-0.013097895954441,-0.1212737234906846,-0.2643616972799023,0.6389057458979153,-0.0798130526175384,0.0,0.0,0.0,0.0264369908473474,-0.0063557623996952,0.8931071898504968,0.528106077044345,0.0,0.6422699999999963,-0.0669160669581145,-0.5759708073524017
2,2,A,L,C,L2C,4.788172226059679,-20.74253053257472,-15.95435830651504,1,1.810949723556476,-0.5288118232841601,1.9309150634163927,-0.0295840131063364,-0.1408249540644632,-0.2133649731678666,0.2731084276831979,-0.2000267974517164,0.0,0.0,0.0,0.1040399295560082,-0.1705517786880397,0.6309662582328137,0.5432332783750196,0.0,1.593319999999995,0.1651639472115071,-0.9803600622091436
2,2,A,L,Y,L2Y,3.0961860590914796,-20.74253053257472,-17.64634447348324,1,2.2323263186910367,-0.3952851745812591,1.137357646899062,-0.0337652932304937,-0.1100993046660114,-0.6167338941810065,0.3124314909615151,-0.1134586611673391,0.0,0.0,0.0,0.0647517358533478,-0.1281023250398032,2.7230972331612726,0.3218406589574241,0.0008575264773185,-1.0792400000000058,-0.3137867734548063,-0.9060051255887612
2,2,A,L,H,L2H,4.015007073624197,-20.74253053257472,-16.72752345895052,1,3.299428419727974,-0.993395418433483,2.836063632720382,-0.0522042231055467,0.1616069185681601,-0.885006806832429,-0.0038176085957957,0.0371689008689273,0.0,0.0,0.0,0.0776274781302963,0.3332745067851328,1.7386434577609151,0.1844527308045713,0.0,-1.962120000000006,-0.3265150935432359,-0.4301998212316444
2,2,A,L,R,L2R,2.0837780775396375,-20.74253053257472,-18.65875245503508,1,-3.1750163178711404,-0.3851148685472374,6.314038497570266,-0.0232126900045141,0.6097427252978278,-1.4865060179318448,0.7159263657630461,-0.308763021843415,0.0,0.0,0.0,0.0370601807048993,0.052365307349482,2.633796775219974,-0.0115225265469924,0.0,-1.7562100000000065,-0.3539368231285635,-0.7788695084921606
2,2,A,L,N,L2N,2.629992328274298,-20.74253053257472,-18.11253820430042,1,3.877554071482052,-0.736468705618103,3.2684936263878086,-0.0544227574140009,-0.0209995144788681,-0.8364281387644574,0.2358756645845616,-0.0446720018457504,0.0,0.0,0.0,0.0882912093193906,-0.1319432184573088,0.6358606588134563,0.3237048892352996,0.0,-3.0017300000000056,-0.129733595486476,-0.8433898594832883
2,2,A,L,D,L2D,2.108778690329853,-20.74253053257472,-18.633751842244862,1,4.278154534416231,-0.773739530960702,4.3138791897422095,-0.0571355392774513,0.0259451108131463,-0.7139278271956826,-0.874506823029634,-0.0165623590407477,0.0,0.0,0.0,0.0824563815643582,-0.1521073274214885,0.8303699909072293,0.1998425110425807,0.0,-3.807210000000005,-0.4087687999616562,-0.8179108212685087
2,2,A,L,T,L2T,1.5545560889679138,-20.74253053257472,-19.187974443606805,1,0.8040733772766089,-0.4551778387169474,2.348481007505896,-0.0063374469263111,-0.0597247855749305,-0.1988095089357084,-0.3097321639325301,-0.1350102262463366,0.0,0.0,0.0,0.0551626185796773,-0.1315637532138716,0.3468993976092847,0.3877174168373709,0.0,-0.5097200000000051,0.3425718448952395,-0.9242738501895432
3,3,A,N,G,N3G,2.5085808533394385,-20.842145399042593,-18.333564545703155,1,3.2570049993248205,-0.2795320975970767,-2.0434862384733776,-0.0130547720007831,-0.2732084853894827,0.3870362303263404,0.1059765812969502,0.0580541442999091,0.0,0.0,-0.0011663629343048,-0.0308882337524275,-0.0589302688560002,-1.044919972744939,0.2277983144834763,0.0,2.1384199999999964,0.400489399970743,-0.3210123846144128
3,3,A,N,A,N3A,1.205599216211965,-20.842145399042593,-19.636546182830628,1,4.200474825156306,-0.536818690759489,-1.9071825043627657,-0.0090306739102257,-0.1845982038304985,0.2548558653033161,-0.1462889765267689,0.025644984600742,0.0,0.0,0.0,-0.0381559696840116,-0.0137245775646341,-1.842076862392908,-0.5760411618747954,0.0,2.6649399999999943,-0.5190085056814588,-0.1673903322608065
3,3,A,N,L,N3L,5.117103114711703,-20.842145399042593,-15.72504228433089,1,-0.0312316326322985,0.9526796241949764,-5.33562133785378,0.0567792120374848,-0.0828999244602588,-0.1233014380933283,5.344273132839255,-0.0278200072634149,0.0,0.0,1.511412482477763,0.2381786264988049,0.0247272796100606,0.3367414171596863,-0.4292436467231022,0.0,3.0017299999999913,-0.2130532325266472,-0.1062474405534672
3,3,A,N,M,N3M,-1.4749526143827296,-20.842145399042593,-22.317098013425323,1,-4.2675778610145585,0.8238977539255927,-2.458165869669031,0.0076578528302828,-0.0250287681519365,0.2554994663584082,0.4375930265497629,-0.0242781132682701,0.0,0.0,0.0,0.1885121087795314,-0.0040757948727339,1.170985222924525,-0.2384425317243155,0.0,2.997609999999991,-0.1699462270000111,-0.1691928800499464
3,3,A,N,F,N3F,-1.6043884145118454,-20.842145399042593,-22.44653381355444,1,-5.05151921233815,0.6062985982239173,-1.9518100713786024,0.1467778481363232,0.003257969323803,0.1096532822542055,-0.3963873508496576,0.1136233133009447,0.0,0.0,0.0,0.2471102598243094,0.0583901144995704,1.6054192718476124,0.0687018364293063,0.0,2.558549999999993,-0.132660162886264,0.4102058891008635
3,3,A,N,W,N3W,1.1374587176986992,-20.842145399042593,-19.704686681343897,1,-2.470606378764842,0.5779120348893301,-0.5100727658462603,0.0120492064462847,0.0788092190828537,0.0238354921477501,-0.1368150531189229,-0.0485950410861804,0.0,0.0,0.0,0.0020473418907781,-0.0186040119105286,-0.1862442242625235,-0.0951223881218641,0.0,3.601249999999993,-0.317307221216808,0.6249225075696447
3,3,A,N,K,N3K,-0.2714241058493769,-20.842145399042593,-21.11356950489197,1,0.2190793738889738,-0.0083307390155784,-0.4370778137334667,0.0015321096407926,-0.1431742780765788,0.0760092600748585,0.333974981386703,0.0170184546837788,0.0,0.0,0.0,-0.0299792711417657,-0.0056106318191002,-0.0829641311640934,-0.2362946766288134,0.0,0.6256799999999956,-0.4919551110478171,-0.1093316328972431
3,3,A,N,Q,N3Q,0.5225294307461752,-20.842145399042593,-20.319615968296414,1,-0.011012870068086,0.0963695087711666,-0.3599098456565599,0.0014866255590999,-0.0657231273104983,-0.0797878645737615,-0.1822066657301988,0.0180044341228828,0.0,0.0,0.0,-0.0235340687793895,0.0300458310584053,1.75974993101919,-0.3955485842654886,0.0,-0.1106900000000052,-0.3622620517623218,0.2075481783617601
3,3,A,N,E,N3E,-1.1969574212802137,-20.842145399042593,-22.039102820322807,1,0.7222558921333615,-0.1032697411452137,-0.355554140017432,0.0027505510899222,-0.0065642338466656,0.0574141846769258,-0.6125964200753415,0.0271596059528,0.0,0.0,0.0,-0.0254362740287016,0.004795553768395,1.5132077650818516,-0.4665137477649403,0.0,-1.3842700000000043,-0.5842520970420004,0.01391567993684
3,3,A,N,S,N3S,1.3568878588384408,-20.842145399042593,-19.485257540204152,1,4.015792013758087,-0.4529703975178858,-0.5279903057168127,-0.0121448800330266,-0.1379148878990079,0.0760312126009488,-0.2746130835050593,0.0109611651058365,0.0,0.0,0.0,-0.0200896572420333,0.020295741231022,-1.678532077845297,-0.2161107667603818,0.0,1.050569999999997,-0.5498831484332491,0.05348693109533
3,3,A,N,P,N3P,1.1977073862836924,-20.842145399042593,-19.6444380127589,1,-0.0368861874884771,0.9401438054600496,-2.054010648370351,-0.0068433161276917,-0.2325507703251368,0.5615378190515212,-0.3518679264923463,0.0410277200734547,0.0,0.0,0.0,-0.040776667027275,0.0211302853472123,-1.248005640340434,-0.6787337996832785,0.0,-0.3029500000000062,1.9707296081372068,2.6157631040692557
3,3,A,N,V,N3V,0.8312761946840581,-20.842145399042593,-20.010869204358535,1,-0.7264273466030318,0.4986486918362729,-1.6471055356878992,0.0364447329328385,-0.201923557120951,-0.1164522120558757,-0.3851486565305464,0.1638483871504021,0.0,0.0,0.0,-0.0653512048924312,0.0539813856437083,-0.9986681420435062,-0.1711367285386489,0.0,3.982949999999992,-0.1402985412808295,0.5479149218745931
3,3,A,N,I,N3I,0.5325262227880998,-20.842145399042593,-20.309619176254493,1,-2.2934182845282294,0.9172711504497002,-2.1082824510044844,0.066674085673112,-0.1339377077622918,-0.1019998451952481,0.0242748215589045,0.0247448215453722,0.0,0.0,0.0,0.051681271023373,0.0211800011903791,0.3092424720070958,-0.2644052219130586,0.0,3.6439999999999912,-0.0152009706374283,0.3907020803809189
3,3,A,N,C,N3C,3.882630532552369,-20.842145399042593,-16.959514866490224,1,2.469684171678125,-0.2958784765294577,-1.307508640378316,-0.0029783619094195,-0.1682243760866111,0.22404873151401,-0.4337739455764833,0.0216815193466715,0.0,0.0,0.0,-0.0767123303728921,0.0417450638224534,-1.603763482408219,0.1629282875198665,0.0,4.595049999999993,-0.0258357635087556,0.2821681354414114
3,3,A,N,Y,N3Y,-0.4416954688088808,-20.842145399042593,-21.28384086785147,1,-3.960236971027484,0.2445447613151632,0.0914365931215144,0.0460436204335482,-0.01598603667464,-0.003055758496492,-0.5257741173068169,0.1097969117597017,0.0,0.0,0.0,0.0609542708489584,0.0073076428072718,1.5951590858971052,0.0316000055096634,0.0075710491233286,1.9224899999999965,-0.2014958447770904,0.1479493186573961
3,3,A,N,H,N3H,0.2856966476751807,-20.842145399042593,-20.556448751367412,1,-2.465868870162467,0.1901149981956287,0.1264135485886441,0.0139072450975193,0.1072656179769326,-0.0021361828909363,0.0083728693402989,0.0135824620282569,0.0,0.0,0.0,0.0628352957533205,0.0290310388575834,1.167702982208816,0.0297312371558631,0.0,1.039609999999996,-0.2193780602180641,0.1845124657438166
3,3,A,N,R,N3R,0.431292642824495,-20.842145399042593,-20.410852756218095,1,-2.0043048245731256,0.2600144544770959,1.5898876689151678,0.0082078123108204,-0.0823827385829556,0.3435581537018821,-0.2694536494711315,0.0272294966355453,0.0,-0.9048225330621892,0.0,-0.002846538686643,0.0303217645200277,0.5316718796085311,-0.340299179963569,0.0,1.245519999999992,-0.4857016889576648,0.4846925659527343
3,3,A,N,N,N3N,0.0,-20.842145399042593,-20.842145399042593,1,0.0,0.0,0.0,0.0,0.0,0.0,-7.105427357601002e-15,0.0,0.0,0.0,0.0,0.0,0.0,0.0,0.0,0.0,0.0,0.0,0.0
3,3,A,N,D,N3D,0.5821919713243133,-20.842145399042593,-20.25995342771828,1,3.116591515741959,-0.6550491485961434,0.6240091638786112,-0.0077184864161725,0.1021726976247654,0.0638635431058318,-0.8165067656798612,0.0484126939115618,0.0,0.0,0.0,0.0244791916391308,-0.0076465750294876,-0.558126589740354,-0.1465925516052817,0.0,-0.8054800000000064,-0.2152840822721202,-0.1849326352381179
3,3,A,N,T,N3T,1.193623741444263,-20.842145399042593,-19.64852165759833,1,0.927346220450076,0.0662784777068168,-0.8102830369465863,0.0132680153614795,-0.1998453148137136,-0.1104852648439109,-0.5084774535300411,0.1225308236131539,0.0,0.0,0.0,-0.0265315607931101,0.0745100622432044,-1.075132959851434,-0.0119386984858538,0.0,2.492009999999997,0.2751719582492278,-0.034797526915014
4,4,A,V,G,V4G,1.612066465576877,-20.807774151082445,-19.195707685505567,1,2.954717003747433,-0.202121622089356,-0.8355222956747212,-0.0211785464854919,-0.0409401431837412,0.1766365641064737,-0.1715455716573828,0.1507590321478673,0.0,0.0,-0.0433742754982269,0.0,0.0909289782747424,-0.1809929788697744,0.9671369948898788,0.0,-1.844530000000006,0.9661260142367158,-0.354032688367548
4,4,A,V,A,V4A,0.6231040549719289,-20.807774151082445,-20.184670096110516,1,1.4406293913389874,0.0635491241935266,-0.4177618999999595,-0.0194696790913027,-0.0563426804565123,0.1958704126153936,-0.1993972882861285,0.1801091653584201,0.0,0.0,0.0,0.0,0.0399514129227778,-0.0832345123408373,0.5767460649686759,0.0,-1.3180100000000046,0.1852232857509808,0.0352412579979048
4,4,A,V,L,V4L,0.1548444878103012,-20.807774151082445,-20.652929663272143,1,-0.6039624557027139,0.0856598045313639,0.828366734358454,0.0044969141858985,0.127643200593889,-0.2262167386397706,-0.1552244352966596,0.0546966055989912,0.0,0.0,0.0,0.0,0.0394959123617364,0.5265532069782388,0.2685150065142208,0.0,-0.981220000000004,0.1042061797863045,0.0818345525403358
4,4,A,V,M,V4M,2.063945332609581,-20.807774151082445,-18.743828818472863,1,-0.9403844581124048,0.0686508452014642,1.4214617440979538,-0.0093077670798152,0.1652377746622884,0.0321012563134903,-0.2995598649445767,0.0978591023233228,0.0,0.0,0.0,0.0,-0.0126598482331559,1.640093381224883,0.5582259381558353,0.0,-0.9853400000000044,0.4098557056805578,-0.0822884766802722
4,4,A,V,F,V4F,0.593906242733663,-20.807774151082445,-20.21386790834878,1,-0.674032079104748,0.1786334248463621,0.4231141787936252,0.0053786927435686,0.7245165377532876,0.1002803261153904,-0.388591136283118,0.0424999216603119,0.0,0.0,0.0,0.0,0.0961098907089492,1.107430066835775,0.2574424117837761,0.0,-1.4244000000000057,0.1310266050506197,0.0144974018298444
4,4,A,V,W,V4W,0.7026799980449248,-20.807774151082445,-20.10509415303752,1,-1.7935254143965835,0.4021292119615687,0.5965477091752689,0.0019250653988538,0.807849247397912,0.0655643828311483,-0.4487015166771257,0.138188653638533,0.0,0.0,0.0,0.0,0.111612251505003,0.6778150463698687,0.3411234144373392,0.0,-0.3817000000000057,0.2091957444242442,-0.0253437980211295
4,4,A,V,K,V4K,-0.1021853427070951,-20.807774151082445,-20.90995949378954,1,1.0998785356058818,0.0131280996562388,0.4824952581087416,-0.0143711770273513,0.0532493060084622,0.2152162812159392,-0.0642613691892677,0.1390268531229033,0.0,0.0,0.0,0.0,-0.0100936839435992,0.9879064911038532,0.3544664933749251,0.0,-3.357270000000005,-0.069089546107703,0.0675331153638509
4,4,A,V,Q,V4Q,0.9085054247695084,-20.807774151082445,-19.899268726312936,1,0.4421933162540625,-0.1924947756721433,1.727053091500764,-0.0156456022780627,0.1537979845527726,0.2177286014100197,-0.320508024215087,0.1679032996831893,0.0,0.0,0.0,0.0,-0.0179706112870625,2.3033357649890043,0.5452231914875715,0.0,-4.093640000000006,0.1852282243514782,-0.193699036006997
4,4,A,V,E,V4E,-1.3542772844455442,-20.807774151082445,-22.16205143552799,1,0.216568948954773,0.2904587180845333,2.2301652341391645,-0.0111139343501792,0.9407155072639392,0.6981473188785587,-1.848167558735561,0.188393884183462,0.0,0.0,-1.8331211346306255,0.0,-0.0010231731532055,3.0407244794597297,0.2422216098774576,0.0,-5.367220000000005,-0.0939232336957829,-0.0471039507218264
4,4,A,V,S,V4S,0.5750438095057682,-20.807774151082445,-20.232730341576676,1,1.0407165580999165,-0.2394339480257468,1.5369853797515702,-0.0218544325827763,-0.0189413976952801,0.0548579067823222,-0.5298059729058053,0.1527697623781314,0.0,0.0,0.0,0.0,-0.0013933182083871,0.4049316752079548,0.8659528298879872,0.0,-2.9323800000000055,0.4707668767835393,-0.2081281099676761
4,4,A,V,P,V4P,11.710406310555904,-20.807774151082445,-9.09736784052654,1,-1.5459543989364022,1.3613681539999245,1.139334677169998,-0.0176423553198327,-0.0179434462478393,0.0764453092809933,-0.4012122780661613,0.516512028033997,0.0,0.0,0.0,0.0,0.3729022474134862,0.4760050510164042,0.6698247817997202,0.0,-4.285900000000005,10.576513174782596,2.79015336562901
4,4,A,V,V,V4V,-2.8421709430404014e-14,-20.807774151082445,-20.807774151082473,1,-1.4210854715202004e-14,0.0,0.0,0.0,0.0,0.0,-7.105427357601002e-15,0.0,0.0,0.0,0.0,0.0,0.0,0.0,0.0,0.0,0.0,0.0,0.0
4,4,A,V,I,V4I,0.2056084018125226,-20.807774151082445,-20.60216574926992,1,-0.1480762494255714,-0.017159574181246,0.3768821176127233,0.0089461819476583,0.0183619350933836,-0.0092213010323138,0.0263842243113998,0.0235431173015783,0.0,0.0,0.0,0.0,0.037221827082313,0.140179165529652,-0.0652500588462574,0.0,-0.3389500000000041,0.0768671950823609,0.0758798213368212
4,4,A,V,C,V4C,3.5101217137851357,-20.807774151082445,-17.29765243729731,1,0.4021562916575618,-0.0189153604070995,0.3793702533224632,-0.0178637064519791,-0.0091379934896993,-0.00159979636841,-0.4100913815298881,0.0741467899027412,0.0,0.0,0.0,0.0,0.0412468242514041,0.9200846839115612,0.7166551286084702,0.0,0.6120999999999945,0.8488474764598433,-0.0268774960818358
4,4,A,V,Y,V4Y,0.3117863434135266,-20.807774151082445,-20.49598780766892,1,-0.7392322438936247,0.1126928350373397,0.8484824991738407,0.0040890523223495,0.7252257692209083,-0.04437647775136,-0.3278356992487516,0.10745804516608,0.0,0.0,0.0,0.0,0.1769661320054791,0.9305832251070036,0.3382726763682318,0.0091023433851166,-2.060460000000006,0.2268265913603251,0.0039915951605795
4,4,A,V,H,V4H,0.4592532423301954,-20.807774151082445,-20.34852090875225,1,0.4352071864727804,0.0020410226998652,0.905332828175375,-0.0141763602438092,1.027908941822715,0.0880933325369106,-0.4037178834854629,0.0481079606000065,0.0,0.0,0.0,0.0,0.1073199560195063,0.867254939599178,0.2265096486769027,0.0,-2.9433400000000063,0.2262408747625546,-0.1135292053063459
4,4,A,V,R,V4R,1.183605650971007,-20.807774151082445,-19.62416850011144,1,0.3724795229172599,-0.1494496165548522,1.6038655748478303,-0.0122564553499583,0.1353643924815699,0.2582338757774067,-0.2646955479859016,0.1264955685537607,0.0,0.0,0.0,0.0,-0.0178819046177238,1.3839054215624742,0.416316678908325,0.0,-2.7374300000000034,0.0929087599871074,-0.0242506195562945
4,4,A,V,N,V4N,0.3387099377529665,-20.807774151082445,-20.46906421332948,1,1.005264254281002,-0.0123718789937399,0.8285733869479657,-0.0155975020795519,0.1841951038366387,0.0682311967406583,-0.3226559307585077,0.1163124347842199,0.0,0.0,0.0,0.0,-0.0096162168983393,1.2668466989153018,0.7738046965798712,0.0,-3.982950000000006,0.3749506590884657,0.0637230353089819
4,4,A,V,D,V4D,-0.5666985932232329,-20.807774151082445,-21.374472744305677,1,1.1337675972469867,-0.039086291995046,1.1124421238106097,-0.0177652622968084,0.2190562248048975,0.098041786417431,-0.5427098694088528,0.1318275893156588,0.0,0.0,0.0,0.0,-0.0082836936386467,1.627625285918164,0.4133935116970664,0.0,-4.788430000000005,-0.0901842533807357,0.183606658286056
4,4,A,V,T,V4T,-0.2945236956087882,-20.807774151082445,-21.102297846691233,1,0.4088325631300762,0.0007760430873808,0.5659014879132371,-0.008951652211131,0.0070877885100033,-0.232142084720536,-0.4964662248620755,0.1262985313501552,0.0,0.0,0.0,0.0,0.0560166164561775,-0.0594821578988522,0.4800884535251621,0.0,-1.4909400000000057,0.2670791043768989,0.0813778357347132
5,5,A,M,G,M5G,2.4633243969333023,-20.85660293125171,-18.393278534318412,1,4.765661297984863,-0.6508110696084444,0.0187035063440532,-0.0093119724662452,-0.0527452586526075,0.0532050618698161,-0.0435239231416204,-0.0247933603941241,0.0,-0.0058364672401385,0.0,-0.0195037108852474,-0.0654088820092551,-1.545162201820773,0.4941088753107203,0.0,-0.8591900000000052,0.5937804213269615,-0.1858479196846332
5,5,A,M,A,M5A,-0.0659286533695144,-20.85660293125171,-20.92253158462123,1,3.519804439391933,-0.5712081651180991,-0.4469252417468112,-0.0068361443796359,-0.0580724863125627,0.1889125547731485,0.0036576750944732,0.01369794857818,0.0,-0.003776942048943,0.0,-0.0040292565702987,-0.0201458945574666,-1.6578400064095753,-0.2989717425775484,0.0,-0.3326700000000038,-0.2649705883963218,-0.1265548030899701
5,5,A,M,L,M5L,-1.1432308333988033,-20.85660293125171,-21.99983376465052,1,0.2259615959143843,-0.4080808189353355,0.6360155218268062,0.0162860222343482,0.0158199766505493,0.0107475702877977,-0.1031268009027428,-0.0091708317475927,0.0,-0.003776942048943,0.0,0.0073302210288381,0.0095606125199543,-1.442526155070798,-0.1904974105882,0.0,0.0041199999999967,-0.0556486913972715,0.143755296829406
5,5,A,M,M,M5M,0.0,-20.85660293125171,-20.85660293125171,1,0.0,0.0,0.0,0.0,0.0,0.0,0.0,0.0,0.0,0.0,0.0,0.0,0.0,0.0,0.0,0.0,0.0,0.0,0.0
5,5,A,M,F,M5F,0.94779358424379,-20.85660293125171,-19.908809347007924,1,-0.3839588389973869,-0.4250613152387679,1.0918649928048296,0.02520319874077,0.2329685677654325,-0.118193794134779,-0.1873134148484752,0.0572719217575148,0.0,-0.003776942048943,0.0,0.0213215278166278,-0.0075647346132936,0.6478068404341641,0.1952054732199053,0.0,-0.4390600000000049,-0.0155993278960444,0.2566794294822774
5,5,A,M,W,M5W,-0.7375308906133498,-20.85660293125171,-21.594133821865064,1,-2.8045681651976366,-0.0996040812592617,0.8402438269021246,0.0222692520775987,0.2700292890856195,-0.1445455656498762,-0.2422450413762007,-0.0224618550631063,0.0,-0.003776942048943,0.0,-0.0031758756752825,-0.0465476878503225,0.8702335413165834,0.0274223027657167,0.0,0.6036399999999951,-0.084353607825772,0.0799097191854212
5,5,A,M,K,M5K,-0.5835790116687463,-20.85660293125171,-21.44018194292046,1,1.245280338864447,-0.6171056511822766,2.147393531177329,-0.0006666644139313,0.0619786132109725,0.0310140146452262,0.0166853829459014,-0.0073479244195695,0.0,-0.003776942048943,0.0,-0.0102948993716404,-0.0199053651002025,-0.6798795053946627,0.0101431628454702,0.0,-2.371930000000006,-0.2811113315334133,-0.104055771893428
5,5,A,M,Q,M5Q,-1.2217624321642797,-20.85660293125171,-22.07836536341599,1,0.3132431303672263,-0.5373970403133939,2.466268074904079,-0.0006066658062575,0.1307722090512246,-0.3396592274282923,-0.4854890434551535,-0.0441863761584535,0.0,-0.003776942048943,0.0,-0.0070573098172005,-0.0129616798144038,0.6504827593629052,-0.102783652078731,0.0,-3.108300000000005,-0.0518264533803591,-0.0884842155484939
5,5,A,M,E,M5E,-1.054534217476018,-20.85660293125171,-21.911137148727732,1,1.6853595302507074,-0.5755552606208241,2.4726746221488867,-0.002397201637825,0.1987273876938413,-0.1948447853867776,-0.3203155723870807,-0.033799892161145,0.0,-0.003776942048943,0.0,-0.0040813229500145,-0.0295461968365424,0.8834386973260067,-0.2382913756635258,0.0,-4.381880000000006,-0.3843831677584024,-0.1258627374443488
5,5,A,M,S,M5S,0.7462926340398433,-20.85660293125171,-20.11031029721187,1,3.4331711961482227,-0.6630828188668882,1.537383671329536,-0.0086988647470062,-0.0360746503546982,-0.0435813314449156,-0.4198709930089848,0.0023394861559822,0.0,-0.003776942048943,0.0,0.0071895195470238,-0.0456657222353051,-1.2793657023199678,0.3365652088806041,0.0,-1.9470400000000048,0.0496288454372564,-0.1728282684320525
5,5,A,M,P,M5P,14.864446658098398,-20.85660293125171,-5.9921562731533164,1,0.1735926423575904,2.646707720360908,0.27464628749604,-0.0007470205981555,-0.0132568777529291,0.3353911769623288,-0.6656221150902155,0.5946079570538707,0.0,-0.003776942048943,0.0,-0.0184688249934557,0.2008903372049548,-1.4089166561780075,-0.2243948353403084,0.0,-3.300560000000006,10.527577723762017,5.746776084902727
5,5,A,M,V,M5V,-0.1170781276890373,-20.85660293125171,-20.973681058940752,1,1.282428804515007,-0.391825376357751,0.2111345318576099,0.0157864612173512,-0.0022122298877373,0.0783247031989908,-0.2253257417111811,-0.006528378504619,0.0,-0.003776942048943,0.0,0.0016739644300725,-0.102849348784666,-1.8293859759785216,-0.1961647374120969,0.0,0.9853399999999972,-0.0128513402644383,0.0791534780419134
5,5,A,M,I,M5I,-1.3210170325669424,-20.85660293125171,-22.177619963818657,1,-0.2035384621225091,-0.1681357812917987,0.2402025021973202,0.0245781710556542,0.0140628773783513,0.0190530693632506,-0.0031328316309853,-0.0546947763833536,0.0,-0.003776942048943,0.0,0.0018546826744293,-0.1155591643240596,-1.771512573846259,-0.3121756511871452,0.0,0.6463899999999967,0.1313648585986762,0.2340029890004498
5,5,A,M,C,M5C,2.4242238874502817,-20.85660293125171,-18.432379043801433,1,1.6365722478746392,-0.4112075168436409,0.7722896616952397,-0.0078403527447719,-0.0563755537146546,0.0281148497846679,-0.5224055173839446,-0.0698125130767515,0.0,-0.003776942048943,0.0,-0.0301519725141835,0.0082759266559928,-1.3465450094216749,0.3345573234643462,0.0,1.5974399999999953,0.6192950625055342,-0.1242058067815534
5,5,A,M,Y,M5Y,-0.036775918330548,-20.85660293125171,-20.893378849582263,1,-1.5181415052693552,-0.2987078687863089,1.003414568060478,0.0403919381449396,0.2923545822925897,-0.2078837147106469,-0.2593969469615302,0.1319904532753213,0.0,-0.003776942048943,0.0,0.0146338530435742,0.0737588739410475,0.7782217834687124,0.2147714968183502,0.0002494241898523,-1.0751200000000054,-0.0331734809778243,0.8096375671892151
5,5,A,M,H,M5H,0.4658174967317023,-20.85660293125171,-20.390785434520012,1,0.7487369498831526,-0.3841043069092649,2.2314115695943713,-0.0026091230554014,0.3926696361203516,-0.1758307924499487,-0.5229309438453313,0.0594114452521381,0.0,-0.003776942048943,0.0,0.0135298876197813,-0.0204758976908072,-0.0589931632846862,0.1597945300752343,0.0,-1.9580000000000055,-0.0631844474024472,0.0501690948735298
5,5,A,M,R,M5R,-1.1016089988788416,-20.85660293125171,-21.958211930130556,1,-0.592747963254368,-0.5766909471334518,2.901915319138624,0.0043576952107302,0.1452767177080671,-0.5611088334569931,-0.0151806199285644,-0.0048590295163286,0.0,-0.003776942048943,0.0,-0.003709103523199,-0.0195648292176067,-0.1864441812661432,-0.0763021829887737,0.0,-1.752090000000006,-0.2361331927684258,-0.1245509058334342
5,5,A,M,N,M5N,0.1946874233100892,-20.85660293125171,-20.661915507941625,1,1.6243217118956608,-0.5503823819542824,2.0999956200661813,0.0004178852312596,0.2081720924312113,-0.5242895410629256,0.3204740994410429,-0.0039598613055495,0.0,-0.003776942048943,0.0,-0.0164080098475247,-0.0050455191991518,-0.5195554776623972,0.3390326344261716,0.0,-2.997610000000005,0.3045247269088253,-0.0812236140094633
5,5,A,M,D,M5D,0.0310190107480146,-20.85660293125171,-20.8255839205037,1,3.611164360872309,-0.7199429927274004,1.6031785879818017,-0.0047297432484751,0.2477671977742979,-0.1741196043890234,-0.1451834521276538,-0.0154678526868501,0.0,-0.003776942048943,0.0,-0.019423631137438,-0.0053255606668494,-0.3449028937181886,0.1613782578266682,0.0,-3.8030900000000063,-0.1165175758993708,-0.2399891450568425
5,5,A,M,T,M5T,0.6603729803366072,-20.85660293125171,-20.196229950915107,1,2.4922720709456456,-0.5275809680290671,1.5704427214342758,0.0051851174500267,0.0092823554149941,-0.1013931539500454,-0.5196970299843073,-0.0126887537561124,0.0,-0.003776942048943,0.0,0.0054426197059472,-0.0808287160575584,-1.8143829777965763,0.056369015941784,0.0,-0.5056000000000047,0.1601936684468814,-0.0728660473803195
6,6,A,C,G,C6G,0.0,-20.852285283562743,-20.852285283562743,1,0.0,0.0,0.0,0.0,0.0,0.0,0.0,0.0,0.0,0.0,0.0,0.0,0.0,0.0,0.0,0.0,0.0,0.0,0.0
6,6,A,C,A,C6A,0.0,-20.852285283562743,-20.852285283562743,1,0.0,0.0,0.0,0.0,0.0,0.0,0.0,0.0,0.0,0.0,0.0,0.0,0.0,0.0,0.0,0.0,0.0,0.0,0.0
6,6,A,C,L,C6L,0.0,-20.852285283562743,-20.852285283562743,1,0.0,0.0,0.0,0.0,0.0,0.0,0.0,0.0,0.0,0.0,0.0,0.0,0.0,0.0,0.0,0.0,0.0,0.0,0.0
6,6,A,C,M,C6M,0.0,-20.852285283562743,-20.852285283562743,1,0.0,0.0,0.0,0.0,0.0,0.0,0.0,0.0,0.0,0.0,0.0,0.0,0.0,0.0,0.0,0.0,0.0,0.0,0.0
6,6,A,C,F,C6F,0.0,-20.852285283562743,-20.852285283562743,1,0.0,0.0,0.0,0.0,0.0,0.0,0.0,0.0,0.0,0.0,0.0,0.0,0.0,0.0,0.0,0.0,0.0,0.0,0.0
6,6,A,C,W,C6W,0.0,-20.852285283562743,-20.852285283562743,1,0.0,0.0,0.0,0.0,0.0,0.0,0.0,0.0,0.0,0.0,0.0,0.0,0.0,0.0,0.0,0.0,0.0,0.0,0.0
6,6,A,C,K,C6K,0.0,-20.852285283562743,-20.852285283562743,1,0.0,0.0,0.0,0.0,0.0,0.0,0.0,0.0,0.0,0.0,0.0,0.0,0.0,0.0,0.0,0.0,0.0,0.0,0.0
6,6,A,C,Q,C6Q,0.0,-20.852285283562743,-20.852285283562743,1,0.0,0.0,0.0,0.0,0.0,0.0,0.0,0.0,0.0,0.0,0.0,0.0,0.0,0.0,0.0,0.0,0.0,0.0,0.0
6,6,A,C,E,C6E,0.0,-20.852285283562743,-20.852285283562743,1,0.0,0.0,0.0,0.0,0.0,0.0,0.0,0.0,0.0,0.0,0.0,0.0,0.0,0.0,0.0,0.0,0.0,0.0,0.0
6,6,A,C,S,C6S,0.0,-20.852285283562743,-20.852285283562743,1,0.0,0.0,0.0,0.0,0.0,0.0,0.0,0.0,0.0,0.0,0.0,0.0,0.0,0.0,0.0,0.0,0.0,0.0,0.0
6,6,A,C,P,C6P,0.0,-20.852285283562743,-20.852285283562743,1,0.0,0.0,0.0,0.0,0.0,0.0,0.0,0.0,0.0,0.0,0.0,0.0,0.0,0.0,0.0,0.0,0.0,0.0,0.0
6,6,A,C,V,C6V,0.0,-20.852285283562743,-20.852285283562743,1,0.0,0.0,0.0,0.0,0.0,0.0,0.0,0.0,0.0,0.0,0.0,0.0,0.0,0.0,0.0,0.0,0.0,0.0,0.0
6,6,A,C,I,C6I,0.0,-20.852285283562743,-20.852285283562743,1,0.0,0.0,0.0,0.0,0.0,0.0,0.0,0.0,0.0,0.0,0.0,0.0,0.0,0.0,0.0,0.0,0.0,0.0,0.0
6,6,A,C,C,C6C,0.0,-20.852285283562743,-20.852285283562743,1,0.0,0.0,0.0,0.0,0.0,0.0,0.0,0.0,0.0,0.0,0.0,0.0,0.0,0.0,0.0,0.0,0.0,0.0,0.0
6,6,A,C,Y,C6Y,0.0,-20.852285283562743,-20.852285283562743,1,0.0,0.0,0.0,0.0,0.0,0.0,0.0,0.0,0.0,0.0,0.0,0.0,0.0,0.0,0.0,0.0,0.0,0.0,0.0
6,6,A,C,H,C6H,0.0,-20.852285283562743,-20.852285283562743,1,0.0,0.0,0.0,0.0,0.0,0.0,0.0,0.0,0.0,0.0,0.0,0.0,0.0,0.0,0.0,0.0,0.0,0.0,0.0
6,6,A,C,R,C6R,0.0,-20.852285283562743,-20.852285283562743,1,0.0,0.0,0.0,0.0,0.0,0.0,0.0,0.0,0.0,0.0,0.0,0.0,0.0,0.0,0.0,0.0,0.0,0.0,0.0
6,6,A,C,N,C6N,0.0,-20.852285283562743,-20.852285283562743,1,0.0,0.0,0.0,0.0,0.0,0.0,0.0,0.0,0.0,0.0,0.0,0.0,0.0,0.0,0.0,0.0,0.0,0.0,0.0
6,6,A,C,D,C6D,0.0,-20.852285283562743,-20.852285283562743,1,0.0,0.0,0.0,0.0,0.0,0.0,0.0,0.0,0.0,0.0,0.0,0.0,0.0,0.0,0.0,0.0,0.0,0.0,0.0
6,6,A,C,T,C6T,0.0,-20.852285283562743,-20.852285283562743,1,0.0,0.0,0.0,0.0,0.0,0.0,0.0,0.0,0.0,0.0,0.0,0.0,0.0,0.0,0.0,0.0,0.0,0.0,0.0
7,7,A,D,G,D7G,5.333998772922083,-20.80829005507332,-15.474291282151238,1,2.7647291168542125,-0.094478588780797,-4.812218884377472,-0.002508923995183,-0.2538142720004339,-0.327391763374294,4.69819918356076,0.0665875443001766,0.0,0.0082917676701885,1.5157792930559295,-0.0387643883955963,0.0215759553957548,-1.6292110890799272,0.4454971359952913,0.0,2.9438999999999957,0.6511970077183591,-0.6233703216248845
7,7,A,D,A,D7A,3.0384876687639597,-20.80829005507332,-17.76980238630936,1,1.453010293369303,-0.0093535290795934,-5.2167316567351065,0.0003618259388795,-0.2454845274839594,-0.1223898980539335,4.9706685749853605,0.0376985725730101,0.0,0.0,1.5157792930559295,-0.0229117292980214,-0.0466824698518453,-1.5205944588612823,-0.3848803261170725,0.0,3.4704199999999936,-0.2583854266931205,-0.582036868984579
7,7,A,D,L,D7L,5.58272991745098,-20.80829005507332,-15.225560137622342,1,0.8870859932240336,-0.1086554912476636,-3.777704395474032,0.0174238684060375,-0.0665089664760065,-0.2268870112427521,5.036789860009321,0.0064235403902372,0.0,0.0,1.5157792930559295,-0.0112732466196722,0.0092957857332232,-0.7440857262730844,-0.3005174720971715,0.0,3.807209999999994,0.0285283791461878,-0.4901744930836162
7,7,A,D,M,D7M,5.1648913433042996,-20.80829005507332,-15.643398711769022,1,-1.5043047619491716,0.3828600044019232,-3.3399890071750065,0.0030645248455832,-0.1892352653220754,-0.0380015362440051,4.904548152195872,0.1555605831121838,0.0,0.0,1.5157792930559295,-0.00077490807819,0.0425210202180492,-0.0783020096972215,-0.1942450252020029,0.0,3.803089999999994,0.0551668026912679,-0.3528465235488447
7,7,A,D,F,D7F,6.005340377183632,-20.80829005507332,-14.80294967788969,1,0.5137523182636272,0.0037697491893258,-3.8497765825002688,0.021150019209891,0.0305988215811909,-0.1993116703618049,5.107893050532496,-0.0550933112239668,0.0,0.0,1.5157792930559295,-0.0065039041241905,0.080469556684992,-0.1117447350105251,-0.3324051402218437,0.0,3.3640299999999925,0.2729138868005005,-0.350180974691737
7,7,A,D,W,D7W,6.65686221865281,-20.80829005507332,-14.151427836420511,1,-0.0735669463218613,0.1249870881942634,-3.7612101286582913,0.0174347675871547,0.1330465601746464,-0.1496789517262655,5.122633803386961,-0.0032685163157921,0.0,0.0,1.5157792930559295,-0.00744035698911,0.0026173645599545,-0.3767736249100863,-0.1164325272339272,0.0,4.4067299999999925,0.1222168296314123,-0.3002124357821643
7,7,A,D,K,D7K,3.8043377769652698,-20.80829005507332,-17.003952278108052,1,1.1280633430275202,-0.0580283359703894,-3.7937187424477656,0.0065918261805993,-0.058859459791269,-0.2271370393851928,4.85800362404899,0.0180683396043441,0.0,0.0,1.5157792930559295,-0.0174939628840721,-0.031076248192811,-0.2586610828231599,-0.0771079423360987,0.0,1.4311599999999949,-0.118061577569561,-0.5131842575518171
7,7,A,D,Q,D7Q,3.786209932206134,-20.80829005507332,-17.022080122867187,1,0.7972564965483144,0.006235956230439,-2.8783954682940873,0.0070530505644465,0.5216733893934258,-0.2663036045583844,3.3897667203624806,0.2482252971746916,0.0,0.0,1.5157792930559295,0.024193150292235,-0.1483748871721433,0.7041963573508383,-0.3060478497267176,0.0,0.6947899999999976,-0.0212667614906578,-0.502571207524678
7,7,A,D,E,D7E,2.334628317319286,-20.80829005507332,-18.473661737754036,1,0.15263205722961,0.0951064521895421,-0.8482742223813204,0.0040291808914731,0.43253902235503,0.312091702091358,0.8301423028398247,0.0241362894220031,0.0,0.0,1.2336608650239145,-0.01790607450737,0.1194398077174996,1.6170991801258054,-0.397203403506903,0.0,-0.578790000000005,-0.3054386325486664,-0.338636209622507
7,7,A,D,S,D7S,2.953039346045344,-20.80829005507332,-17.855250709027978,1,0.8885561569874483,-0.0445283222088708,-2.3495214587009627,-0.0002358087947375,-0.2252455990503667,-0.2309041683326498,2.5776474603400175,0.1257109941635263,0.0,0.0,1.5157792930559295,0.01469512016326,-0.1016902619008188,-0.9901986373064916,0.1922384454450405,0.0,1.856049999999996,0.0868067016802758,-0.3621205694952625
7,7,A,D,P,D7P,27.115240682375063,-20.80829005507332,6.306950627301742,1,-2.013203969298573,4.84105660263921,-4.896009151780916,0.0016288727022695,-0.2333723663980382,-0.1008086468115703,6.740879313367969,3.2131425560696663,0.0,0.0,1.5157792930559295,-0.088377197017796,0.7729799481364479,-1.3145801521462597,0.1504443657562373,0.0,0.5025299999999966,11.184209941731153,6.83894127236932
7,7,A,D,V,D7V,5.967046554043884,-20.80829005507332,-14.841243501029435,1,-1.358476904451436,0.8885169061542033,-4.8239079641038245,0.015159774759526,-0.2186417639779314,0.1144765058776151,5.030237904312273,0.556992141729733,0.0,0.0,1.5157792930559295,0.0384759702715477,0.016610281405702,-1.1301376699693506,0.2758875152140243,0.0,4.788429999999995,0.1802079773123015,0.0774365864535724
7,7,A,D,I,D7I,6.643090412373317,-20.80829005507332,-14.165199642700005,1,-2.072412596106247,0.9675435590185372,-3.660730642473141,0.0218854870463175,-0.1814132940093484,0.1781098745124083,5.013315200128368,0.559501507393243,0.0,0.0,1.5157792930559295,0.0362814773021161,0.0670654914687578,-0.8163078034332152,0.3344993135235219,0.0,4.4494799999999906,0.1672569475659528,0.0632365973801114
7,7,A,D,C,D7C,4.946918482518676,-20.80829005507332,-15.861371572554646,1,-0.3980213035663524,0.2564534266812579,-3.582400648089319,0.0001047028111452,-0.2409554816881662,-0.0004857471122949,3.2762403720194726,0.2229875173401758,0.0,0.0,1.5157792930559295,0.0236776227488746,-0.0660917291751075,-1.4236772457563198,0.2390766702707447,0.0,5.400529999999993,0.178112572540865,-0.4544115395622317
7,7,A,D,Y,D7Y,5.423606724420944,-20.80829005507332,-15.384683330652376,1,0.4804115524659238,0.0228622850199968,-3.842222011637688,0.020851618623529,0.0373376082090697,-0.1928076648496901,5.113780072345449,-0.0726193144525702,0.0,0.0,1.5157792930559295,-0.0072289890194758,0.1148249421672684,-0.1241213777867038,-0.3172396284640137,3.8787877964796547e-05,2.7279699999999956,0.2937751752113104,-0.3477856243453701
7,7,A,D,H,D7H,4.718383556858434,-20.80829005507332,-16.089906498214887,1,0.7680839644503408,-0.000797208423048,-3.7087987074149567,0.0030869790990981,0.3382448214717115,-0.2405037502266047,4.482920591164344,-0.0175019509573317,0.0,0.0,1.5157792930559295,0.0135156136549954,0.0260752397419112,-0.1468550165674393,-0.0444611783159685,0.0,1.845089999999999,0.2511368889981256,-0.3666320228726771
7,7,A,D,R,D7R,5.419355096669651,-20.80829005507332,-15.38893495840367,1,-2.598652652040542,0.6504066868938629,-2.133910985042476,0.0116077726796156,0.005520106579965,-0.106769912312064,4.755504520104296,0.4133661657305048,0.0,0.0,1.5157792930559295,-0.0109623560323846,0.0124388593543274,1.0655954493869366,-0.1670785774944825,0.0,2.0509999999999984,-0.0280473029073089,-0.0164419712865377
7,7,A,D,N,D7N,1.382343670298411,-20.80829005507332,-19.42594638477491,1,-0.9842018961332002,0.0658106875508721,-0.6420415830210828,0.0015416638079734,-0.0236457254566335,-0.3607686548052982,3.2468776336656404,0.0620138272927057,0.0,0.0,-0.2693013554776291,0.0044363661447762,-0.0963294904047904,-0.4382666701269997,0.0907088936388036,0.0,0.8054799999999958,0.2583373837557765,-0.338307410132515
7,7,A,D,D,D7D,0.0,-20.80829005507332,-20.80829005507332,1,0.0,0.0,0.0,0.0,0.0,0.0,0.0,0.0,0.0,0.0,0.0,0.0,0.0,0.0,0.0,0.0,0.0,0.0,0.0
7,7,A,D,T,D7T,3.526115595203116,-20.80829005507332,-17.282174459870205,1,0.5549727340584241,-0.0666826600273573,-2.344365503018352,0.0075706295465881,-0.1826840618088843,-0.2926782410830828,2.4583733008831388,0.0561178022493642,0.0,0.0,1.5157792930559295,0.0357257128493581,-0.0670639368572221,-1.4817693073306408,0.0534003372476334,0.0,3.2974899999999927,0.2414126974437511,-0.2594832020055353
8,8,A,Q,G,Q8G,2.5721104791552527,-21.016507910457317,-18.444397431302065,1,3.685306544996791,-0.1679280986741052,-2.1471570719904207,-0.0083102237877953,-0.2493065549755786,0.4027186980261374,0.3248768678538951,-0.1171502645123467,0.0,0.0240091334008019,-0.0007768215098273,0.0,0.0018140013964953,-2.4624481675739176,0.580329126322242,0.0,2.2491099999999946,0.5776002149517687,-0.1205769047688942
8,8,A,Q,A,Q8A,1.395484832800026,-21.016507910457317,-19.62102307765729,1,2.4471838668923453,-0.1496352649118097,-2.1445821358740176,-0.0062373136418675,-0.2365830295219275,0.5980624907112233,0.2568259153749466,-0.0538290034285573,0.0,-0.0047024752043398,0.0009998848686931,0.0,0.0404635755060185,-2.4491382719754817,0.2281153036798164,0.0,2.775629999999996,0.0467491743726462,0.0461621159523151
8,8,A,Q,L,Q8L,0.161749326472492,-21.016507910457317,-20.854758583984825,1,0.4638342796596362,-0.0148939351569516,-1.447268820047526,0.0116284511606764,-0.1404562894922145,0.318228397645262,0.2253653452560513,0.0052301465540764,0.0,0.0083437592242034,-0.0066595904141975,0.0,0.0016112309005802,-2.381997150475236,0.0304273677408835,0.0,3.112419999999993,0.0282826426847204,-0.0523465087674797
8,8,A,Q,M,Q8M,2.0738509002227197,-21.016507910457317,-18.9426570102346,1,0.322849202395588,-0.0479972959578578,-1.2188693469827,-0.0022120843582903,-0.1749281482945885,0.3720289828083309,0.252070222235595,-0.0053284629671495,0.0,0.0096160898162276,-0.0010165276836577,0.0,0.0199664883379329,-0.8496745110614938,0.3083419266247389,0.0,3.1082999999999963,0.0505935005305211,-0.069889135220496
8,8,A,Q,F,Q8F,1.8939683687237585,-21.016507910457317,-19.12253954173356,1,0.963788291306173,0.0983308775220894,-1.9822316217060347,0.0152481681396548,0.0035815065448776,0.3150422411936642,0.3715393909622193,0.0280607277425772,0.0,0.0573716227696943,-0.0193826336639633,0.0,0.0947420502861597,-0.7528991855158189,0.0949726198589961,0.0,2.669239999999995,0.0515951311653175,-0.1150308178818466
8,8,A,Q,W,Q8W,1.8270192234509572,-21.016507910457317,-19.18948868700636,1,-1.251573365081228,0.0978396417605669,-1.6341180786550638,0.0191621917626705,0.1009388499708956,0.2675447960308705,0.3219621453695325,0.1503315088721635,0.0,-0.0037497092110356,-0.0079214222857357,0.0,0.0516802537207423,-0.0738769543196973,0.1634939785224189,0.0,3.711939999999995,-0.0554795122962659,-0.0311551007098636
8,8,A,Q,K,Q8K,-0.4627151750659948,-21.016507910457317,-21.479223085523312,1,0.7790442848182266,-0.1202065428978418,-0.4903024569378402,-8.116364707988488e-05,-0.0831715002207866,0.1670403611383744,0.1119134961829999,0.0945514732925794,0.0,0.0011457445766627,0.0014819339380016,0.0,0.0222652460426113,-1.6284338848706774,0.0476117560582682,0.0,0.7363699999999973,-0.0174006228518415,-0.0845432996876383
8,8,A,Q,Q,Q8Q,0.0,-21.016507910457317,-21.016507910457317,1,0.0,0.0,0.0,0.0,0.0,0.0,-7.105427357601002e-15,0.0,0.0,0.0,0.0,0.0,0.0,0.0,0.0,0.0,0.0,0.0,0.0
8,8,A,Q,E,Q8E,0.4522632230864367,-21.016507910457317,-20.56424468737088,1,1.3139859327138763,-0.204776416984588,-0.3133912874584013,-0.0022939050990689,0.0670740868557171,0.1282914863854731,0.7140736571711273,0.0139419350308713,0.0,-0.0007605987424987,-0.0022393293333546,0.0,0.0231653882664668,-0.0977742820675438,0.0887619580020593,0.0,-1.2735800000000026,0.0288387062030643,-0.0310541078567556
8,8,A,Q,S,Q8S,-0.2959309673936552,-21.016507910457317,-21.312438877850973,1,1.94820868842271,-0.1624797597035723,0.5869126996819602,-0.0061177368556617,-0.1669885494780985,0.5239678166297734,-1.128923354155397,0.1293976526709386,0.0,-1.197930918266838,-0.0026091253151898,0.0,0.0465546000869889,-2.201145924326564,-0.0688216390752973,0.0,1.161259999999995,-0.1656081059092251,0.4083926881998092
8,8,A,Q,P,Q8P,17.324677565800158,-21.016507910457317,-3.691830344657159,1,0.5192391107527783,2.61440354503182,-2.5473531033937036,-0.0039147292279183,-0.1815541696445466,0.4951001540060638,1.340690016285336,0.9523474236433208,0.0,0.1170611611438898,0.0083951412054021,0.0,0.6238675403441336,-2.5212440644446623,0.7699275767276686,0.0,-0.1922600000000045,11.3125902406724,4.017381722698172
8,8,A,Q,V,Q8V,2.0846333739996616,-21.016507910457317,-18.931874536457656,1,0.5998047969432605,0.3776066963070672,-2.5023911873776257,0.0130844261345948,-0.1793067996172155,0.5113625009933704,0.2518821665578699,0.3965194520050694,0.0,0.0116914648658168,-0.002346581267075,0.0,-0.001717045074844,-2.378245191531164,0.4371582784226118,0.0,4.0936399999999935,0.4256452452110153,0.0302451514269215
8,8,A,Q,I,Q8I,2.3196138718698016,-21.016507910457317,-18.696894038587516,1,-0.1059417416915948,0.3558385163236348,-1.4686829245283235,0.0245207040513579,-0.1162092630104743,0.5498117903053643,0.2341966488629978,0.2675448022766673,0.0,0.0361362201922634,-0.0073446762570617,0.0,0.0095114374644791,-2.2238487520610555,0.5092220873204825,0.0,3.754689999999993,0.4527393534144792,0.0474296692066129
8,8,A,Q,C,Q8C,1.9446901483574983,-21.016507910457317,-19.07181776209982,1,0.6315559078423973,0.0107624342894379,-1.2726074057197962,-0.0051357844290881,-0.2165989762374325,0.496226370999528,-0.9154161080560216,0.0347670379571098,0.0,-0.0177749194544682,-0.0001038603226395,0.0,0.0012319046132558,-2.0491550318797778,0.3769433516781115,0.0,4.705739999999995,0.0654564959492542,0.0987987311276281
8,8,A,Q,Y,Q8Y,1.442755333124392,-21.016507910457317,-19.573752577332925,1,0.9105882430614968,0.0685861024179583,-1.8540244841609592,0.0114846782698271,0.0225921731509997,0.2562732395011906,0.3759971295064019,0.1464068944739835,0.0,0.0437193177095487,-0.0222217468823506,0.0,0.0809413398118061,-0.5750643637210757,0.0550018159429137,1.100814646676912e-05,2.033179999999998,0.0004651454274018,-0.1111811595312239
8,8,A,Q,H,Q8H,0.6663838557995199,-21.016507910457317,-20.3501240546578,1,1.1514604571156042,0.0391315545808339,-1.1578908472576757,-0.0029657231617847,0.1893179299463376,0.1422374034466198,0.1419389418926826,0.1127827548818025,0.0,0.0420167850717998,-0.0109847861360323,0.0,0.0499908851558985,-1.1052090967250263,-0.0029815066880551,0.0,1.1502999999999943,-0.0128692934538019,-0.0598916028696852
8,8,A,Q,R,Q8R,-0.0288379028050158,-21.016507910457317,-21.045345813262333,1,-0.1756730712482976,-0.0158465693004128,-0.2588704027606212,0.004118094721201,-0.0024046627211911,0.084181299407767,-0.2157846659104763,-0.0176459807424933,0.0,0.0106448167045591,0.0067286082013879,0.0,0.0044672182320686,-0.9721956607038108,0.1621306164076519,0.0,1.3562099999999937,0.0632205058271466,-0.0621180489194941
8,8,A,Q,N,Q8N,-0.3531123088431691,-21.016507910457317,-21.369620219300486,1,1.20188414307583,-0.1163509358349372,-0.2769687611565814,-0.0020972047983068,0.0341496495906934,-0.2517633844205189,0.1111134508561875,-0.1596516382730719,0.0,0.0470714346012375,-2.5264892071774625e-06,0.0,0.0190417482543734,-0.884605294659842,-0.1157048395650097,0.0,0.1106899999999981,0.0746978016762227,-0.1446159517002563
8,8,A,Q,D,Q8D,1.0998949650656549,-21.016507910457317,-19.916612945391662,1,1.9672460252050712,-0.2094068891927563,0.0126584938136602,-0.0040490170385852,0.099717930350029,0.0976045697701479,0.5870162474563543,0.026122060953611,0.0,0.0027156830688079,-0.0057211830567096,0.0,0.0418290558065992,-0.659195503259145,-0.0413622822814339,0.0,-0.6947900000000047,-0.0842813450635109,-0.0362088814664627
8,8,A,Q,T,Q8T,-0.0922487448855697,-21.016507910457317,-21.108756655342887,1,1.0603159163373448,-0.000164910343452,0.137122232501909,-0.0006062758601669,-0.1601458089195313,0.394947284932293,-1.225282628438542,0.3508195350416123,0.0,-1.1530659330356228,-0.0144140663400951,0.0,0.0180649170921325,-2.42186354545273,-0.127957704709027,0.0,2.602699999999995,-0.088724184744052,0.5360064270523548
9,9,A,D,G,D9G,8.8664573175281,-20.829978153728092,-11.963520836199992,1,5.297073762113683,-0.6907266186186227,-7.808646686677321,-0.0021568135362252,-0.705504299110109,0.0381255119253491,8.468416155370289,-0.3337204066034402,0.0,2.897106060602294,0.0,-0.0417015741822704,0.0553619688235322,-3.1325896726214957,0.8232707574021243,0.0,2.9438999999999957,1.54312242828483,-0.4848732556444997
9,9,A,D,A,D9A,6.285964158819292,-20.829978153728092,-14.5440139949088,1,3.732283381181631,-0.4888677576584221,-8.111316401880458,-0.001175421160958,-0.6989180360623175,0.22119433605706,8.472832946592813,-0.4178803331120377,0.0,2.897106060602294,0.0,-0.0439525347614327,0.0226408462702565,-3.1770535708244303,0.4770634566500522,0.0,3.4704199999999936,0.3981734903346297,-0.4665863034093629
9,9,A,D,L,D9L,7.616871906787928,-20.829978153728092,-13.213106246940164,1,0.332590057531192,0.0709511705829353,-6.250093460158482,0.0486759538737654,-0.4894386009001583,0.0102896641780336,8.329796403861586,-0.4311017848082343,0.0,2.897106060602294,0.0,-0.0589683786307932,-0.0123500673498933,0.1616521290341133,-0.2778201052584603,0.0,3.807209999999994,0.0976145449629335,-0.6192416807328982
9,9,A,D,M,D9M,2.6314242635152674,-20.829978153728092,-18.198553890212825,1,-3.1976060823600676,0.5397698955335368,-6.498319709584294,0.015930033527737,-0.7009341700556084,0.2238293508222675,7.546292838566863,-0.9774561061433752,0.0,2.897106060602294,0.0,-0.0624413199813924,0.1157147550411057,-1.8133558402615757,0.2788372237145649,0.0,3.803089999999994,0.2322510637904162,0.2287162703028222
9,9,A,D,F,D9F,5.904496181240464,-20.829978153728092,-14.925481972487628,1,-2.7524464585705175,0.6881141985896537,-6.912004263518185,0.0173200243092836,-0.547095518099006,-0.1958119781567955,8.722304845686342,-0.4026578601586408,0.0,2.897106060602294,0.0,-0.044879510258685,0.0055934548305045,0.0413027404839887,-0.1541438270583544,0.0,3.364029999999996,-0.1435088885515636,1.3212731611101596
9,9,A,D,W,D9W,0.9963858946864406,-20.829978153728092,-19.83359225904165,1,-5.5285776881920015,0.734400945017347,-7.982551677059504,0.024379089928199,-0.4560868564407658,0.0450495621269571,7.947026606787972,-0.768102225394891,0.0,2.897106060602294,0.0,-0.0326434990587646,0.1145974359470438,-0.5488008969840941,0.0902469952789988,0.0,4.4067299999999925,-0.0842176058590773,0.1378296479867629
9,9,A,D,K,D9K,4.745498003625059,-20.829978153728092,-16.084480150103033,1,1.185232369186508,-0.4113509133622184,-5.20296777658001,0.0050100206545777,-0.5653604924914508,-0.1584969638197133,8.229435664684416,-0.5352499779197935,0.0,2.897106060602294,0.0,-0.0489777154444002,-0.0426900096729867,-1.1649170804478717,-0.2723512848885476,0.0,1.4311599999999949,-0.1993645681671374,-0.4007193287085773
9,9,A,D,Q,D9Q,4.563953046140803,-20.829978153728092,-16.26602510758729,1,-0.3605989650221346,-0.0446338537993362,-3.6834831123657352,0.0044751558631837,-0.4990947531552283,-0.7050973240183342,7.510059535268603,-0.4903644195445586,0.0,2.897106060602294,0.0,-0.0657876596521384,0.0599498023876901,-0.4700732536546148,-0.1195092558527921,0.0,0.6947899999999976,0.0017982601147927,-0.1655831710308586
9,9,A,D,E,D9E,5.7456643408954395,-20.829978153728092,-15.084313812832653,1,1.9590861358279312,-0.4028219624011697,-5.447519975350829,0.0041075832894127,0.180254801638025,0.0492484000989161,8.140512490901116,-0.5730009763902437,0.0,2.897106060602294,0.0,-0.0528128497805451,0.0543056707109836,-0.0791046790317722,-0.0843536758278147,0.0,-0.578790000000005,-0.0526335415389525,-0.2679191418518964
9,9,A,D,S,D9S,4.693348525354395,-20.829978153728092,-16.136629628373697,1,3.476437393579502,-0.554041898867796,-5.561861863165319,-0.0003592886387615,-0.6778258877862919,-0.0420109687433463,7.036855283024181,-0.5480309764140685,0.0,2.148166626104284,0.0,-0.0651220726012679,0.1547917043693494,-2.625625860755221,0.1201513528669417,0.0,1.856049999999996,0.3471974634033792,-0.371422481021149
9,9,A,D,P,D9P,27.293614825166728,-20.829978153728092,6.4636366714386355,1,4.5679559940406875,2.0419634993220814,-9.568983121673526,0.0064095105160474,-0.6886614906619086,-0.1085046899139587,10.882692976277216,1.1472322359959186,0.0,2.897106060602294,0.0,-0.0012284308890818,0.4450541129289365,-2.183203542150572,0.1523091350273691,0.0,0.5025299999999966,10.71702614687634,6.4839164288689055
9,9,A,D,V,D9V,3.47100714027151,-20.829978153728092,-17.358971013456582,1,0.990174223606985,0.1339044361958574,-7.433542259559289,0.0147365570116886,-0.6442021780336384,-0.25721678367767,8.374964457831751,-0.4570288353777165,0.0,2.897106060602294,0.0,-0.0408042753221398,-0.1653272643710026,-3.33485033466474,-0.5973873970298695,0.0,4.788429999999995,-0.5711259716018482,-0.2268232953391251
9,9,A,D,I,D9I,2.1596386532483756,-20.829978153728092,-18.670339500479717,1,-1.282381645760907,0.3161286297350809,-7.396569262856147,0.0241950642276913,-0.6303118826331002,-0.2892044132526976,8.638100062447524,-0.3873844721956807,0.0,2.897106060602294,0.0,-0.0294552108859906,-0.1698965188096125,-2.8004551597466545,-0.6061723147618092,0.0,4.449479999999994,-0.5463267345460032,-0.0272135483155686
9,9,A,D,C,D9C,6.883842588993156,-20.829978153728092,-13.946135564734936,1,0.7970754995288445,-0.0505141273400795,-6.934280294824447,-0.0005365208163841,-0.6575841600246428,0.034436669093516,7.855724219395768,-0.5597226204343819,0.0,2.897106060602294,0.0,-0.0363552084218948,-0.0474946585535296,-2.0485744377493837,-0.0962803834019534,0.0,5.400529999999993,0.8736517246073614,-0.543339172667908
9,9,A,D,Y,D9Y,8.576082221092864,-20.829978153728092,-12.253895932635228,1,0.7010372871958594,0.0780831089581433,-5.623570176306956,0.0282035739998169,-0.3643718846567356,0.9163374512498184,8.138438110312364,-0.5608782800391587,0.0,2.897106060602294,-1.8080078129339912,-0.0803423159086335,0.0311261507551214,2.2645313855041422,-0.3605630687195451,0.0136953086061118,2.7279699999999956,0.1464516307849024,-0.5691643083106648
9,9,A,D,H,D9H,13.193674904589349,-20.829978153728092,-7.636303249138745,1,-2.4766164405770894,3.911631251178987,-2.529894213794762,0.0082366205630354,-0.0255784624682391,-0.3038890147078579,7.190987854772082,-0.2255052666257135,0.0,2.782346180487984,0.0,-0.0429361133244231,0.2623424537522296,-0.9621877474490184,-0.249120165652398,0.0,1.8450899999999957,0.9454910139578844,3.0632769544766596
9,9,A,D,R,D9R,4.240877520351752,-20.829978153728092,-16.58910063337634,1,-2.41617878583233,-0.1887881831391755,-2.9412881754019793,0.0094422615215374,-0.5068609496678045,-0.6088438961479987,7.786809363598898,-0.4957072433523422,0.0,2.897106060602294,0.0,-0.0505783189939614,0.0273811651599085,-0.7569069345885282,-0.1891271413198865,0.0,2.0509999999999984,-0.2511013198542873,-0.1254803822325847
9,9,A,D,N,D9N,2.332008764404879,-20.829978153728092,-18.497969389323213,1,-0.9782126869645964,0.1335299843467794,-2.605466099123774,0.0004235667586192,-0.0563622557839069,-0.1582769262098189,5.498140625528855,-0.2865856040196739,0.0,-0.1969926120018907,0.0,0.0040644620319668,-0.0655766733982716,-0.1280430718539165,0.1407860184824403,0.0,0.8054799999999993,0.4910285964330363,-0.2659285598209528
9,9,A,D,D,D9D,1.4210854715202004e-14,-20.829978153728092,-20.82997815372808,1,0.0,0.0,0.0,0.0,0.0,0.0,7.105427357601002e-15,0.0,0.0,0.0,0.0,0.0,0.0,0.0,0.0,0.0,0.0,0.0,0.0
9,9,A,D,T,D9T,2.7481638533855772,-20.829978153728092,-18.081814300342515,1,1.278698868813592,-0.1609059925292584,-5.779773956104648,0.0077719477994351,-0.6451437688956272,-0.2053952753314671,7.308136247809429,-0.6106243904263344,0.0,2.1519222976195502,0.0,-0.0431628740710497,-0.0354850580273371,-3.060745468251479,-0.3622342617614096,0.0,3.2974899999999927,0.1603909406563826,-0.552775403914163
10,10,A,V,G,V10G,-9.0425093003329,-20.950600966831953,-29.99311026716485,1,2.9753102036099364,-0.5432413477195759,-0.567046158502194,-0.024043197919543,-0.0949048477198939,0.0773493904978241,0.1303109246608116,0.2567169405819847,0.0,-0.0126213103962369,0.0,0.0,0.0758969671167801,-0.0909615022835659,-0.884736084413047,0.0,-1.8445300000000024,-8.22720010467425,-0.2688091731719346
10,10,A,V,A,V10A,-2.0736562309011717,-20.950600966831953,-23.024257197733125,1,2.454000016269106,-0.052410353784289,-0.6421944894412661,-0.0199197200431514,0.0308527410686867,0.2160211946245667,-0.2665617911005569,0.1929604589007567,0.0,0.0774790785443224,0.0,0.0,0.5933770563477945,-0.0566461474464325,0.4980648386125528,0.0,-1.3180100000000046,-4.554105276651822,0.7734361631985465
10,10,A,V,L,V10L,-3.5726684153956967,-20.950600966831953,-24.52326938222765,1,-1.911390250353904,-0.0067415297439108,0.9404383767230796,0.0026322450836449,-0.0592471928081037,0.0401547680280955,1.2609875906596244,0.9656776148017414,0.0,-0.0451639027752142,0.0,0.0,-0.1189372670550887,0.0956596054760545,0.1476775084964661,0.0,-0.981220000000004,-4.973035714457924,1.0698397325297364
10,10,A,V,M,V10M,-1.8606417914937696,-20.950600966831953,-22.81124275832572,1,-2.4121495553554695,-0.0280936335431363,1.9810441331193545,-0.0096675790214985,-0.0212705305920195,-0.0001379277530002,1.1578000581992711,0.8672804773301159,0.0,-0.0411246648777554,0.0,0.0,-0.1511818624734926,0.5925188109175856,0.6000248404542823,0.0,-0.9853400000000044,-4.277817524521151,0.8674731666231494
10,10,A,V,F,V10F,-2.3602205011944513,-20.950600966831953,-23.310821468026404,1,-0.948329820425272,0.105085622117949,0.8346323665956987,-0.0025133294064864,0.079935345759841,0.0721534276214459,1.1708114921576254,0.8758543108936259,0.0,-0.0423462158358249,0.0,0.0,-0.0204932329473261,1.6916595611741876,-0.0683878681164713,0.0,-1.424400000000002,-5.577938429998807,0.8940562692153673
10,10,A,V,W,V10W,1.603018314606704,-20.950600966831953,-19.34758265222525,1,-0.9732161085040616,-0.0689361772790366,1.557711416297579,-0.0030362221799868,0.2401485017497897,-0.0515537722434675,0.0469729342146223,0.0794266089079869,0.0,0.0092906970628137,0.0,0.0,0.197722237926778,1.3088504363720723,-0.1818232478250703,0.0,-0.3817000000000021,-0.0993680945438644,-0.0774708953494549
10,10,A,V,K,V10K,-9.685104382123306,-20.950600966831953,-30.63570534895526,1,-0.0067527133327729,-0.1252039204913497,3.199569097660813,-0.0150534016616843,0.1435718586194072,0.3977411911528161,-3.5936947451062906,0.1038590533223349,0.0,-0.7239615943791851,0.0,0.0,-0.0667433386201248,1.9234057506386932,-0.0640720931526532,0.0,-3.357270000000005,-7.721104516884603,0.2206049901112905
10,10,A,V,Q,V10Q,-4.22443924965339,-20.950600966831953,-25.175040216485343,1,0.1646013502038812,-0.1234589828519414,2.303280352876058,-0.0119605006833542,0.622766289795841,0.318583726517371,-1.9143138993695743,0.0842847263857997,0.0,-1.5355198968632289,0.0,0.0,0.502845596830203,2.1652406413139893,0.3096092858381054,0.0,-4.093640000000004,-3.9073667255801583,0.8906087859336314
10,10,A,V,E,V10E,-8.100666833015229,-20.950600966831953,-29.05126779984718,1,1.3110955745822963,-0.259125016130735,0.8287463004619156,-0.0190713755219671,0.1554359172333947,-0.1292596634349418,0.6764008165003546,0.1422350957542768,0.0,-0.0076733576772767,0.0,0.0,0.0458768423833686,2.169394848461309,0.0030124652202474,0.0,-5.367220000000005,-7.714912699521973,0.0643974186745079
10,10,A,V,S,V10S,-4.124678328414934,-20.950600966831953,-25.075279295246887,1,2.385817646381639,-0.1733025005462671,0.4022877012026811,-0.0206866211648801,0.0493126728394255,0.0490703289659908,-0.297066393798346,0.1931329190117914,0.0,0.0647171829839834,0.0,0.0,0.435011236503968,0.4198324896738548,-0.1242790955625523,0.0,-2.9323800000000055,-5.1614009598763575,0.5852550649701502
10,10,A,V,P,V10P,-7.869908391971723,-20.950600966831953,-28.820509358803676,1,1.2549914346079163,0.2473069583996778,-4.2969290979220744,-0.0135299111243921,0.1975486603956913,-0.5624100694906122,8.636600009415613,1.704961490168305,0.0,2.943270007898648,0.0,0.0,-0.2255122000492174,-1.3243320026070258,-1.0365424672770978,0.0,-4.285900000000005,-11.15664889574738,0.0472176913602186
10,10,A,V,V,V10V,0.0,-20.950600966831953,-20.950600966831953,1,0.0,0.0,0.0,0.0,0.0,0.0,0.0,0.0,0.0,0.0,0.0,0.0,0.0,0.0,0.0,0.0,0.0,0.0,0.0
10,10,A,V,I,V10I,-0.3922984080144545,-20.950600966831953,-21.342899374846407,1,-1.6430745760548715,-0.0343805048502847,0.7763693361097097,0.0279675389392909,0.0457600104912936,0.1779935506425385,-0.1213006477877058,-0.0764799721148641,0.0,0.002452014125656,0.0,0.0,-0.0384414566170843,0.5499786112891627,0.043473370510886,0.0,-0.3389500000000041,0.1191255952169854,0.1172087220848396
10,10,A,V,C,V10C,1.6945206265522152,-20.950600966831953,-19.256080340279738,1,0.8047022681444389,-0.164006943303157,0.3062342562784437,-0.0206851568639321,-0.0342120866238513,0.0147439341213786,-0.3362738472241844,0.0791601193378994,0.0,0.0284549678105525,0.0,0.0,0.075954355639594,0.0377386435998161,0.3729641721857479,0.0,0.6120999999999981,-0.1253278279872116,0.0429737714366744
10,10,A,V,Y,V10Y,0.1614703883481674,-20.950600966831953,-20.789130578483785,1,0.1330788504989897,-0.0575056678485221,0.7202419294040112,0.0003604895031106,0.2034254146342657,0.1276453417695435,-0.2599761539965044,0.035596369016364,0.0,0.0142066320223275,0.0,0.0,0.2689481959374185,1.4709449813752364,-0.2613244452912264,0.0001135630286,-2.060460000000002,-0.1196286199712606,-0.0541964917341832
10,10,A,V,H,V10H,-3.847615195441872,-20.950600966831953,-24.798216162273825,1,-1.049005105682781,0.014133145819045,2.601672206137394,-0.0204872016676062,0.278721532496097,-0.1766018768693094,0.8375206162167572,0.850373778002993,0.0,-0.0468604924240017,0.0,0.0,-0.0952475880621015,1.22592460817053,-0.5827471642928832,0.0,-2.9433400000000027,-5.4500645590101,0.7083929057240876
10,10,A,V,R,V10R,-5.413034480928918,-20.950600966831953,-26.36363544776087,1,-0.9394323992035538,-0.1991754087536126,2.4943458425672276,-0.0054726533832688,0.3429362765057995,0.006725464871117,-1.3074836552048763,0.8239931376212759,0.0,-1.3832882868537242,0.0,0.0,-0.0635285331280484,2.381526942367177,-0.1316391208452094,0.0,-2.7374300000000034,-5.300139612904517,0.6050275254153057
10,10,A,V,N,V10N,-5.189284135911041,-20.950600966831953,-26.13988510274299,1,0.0549616966396797,-0.2781048027204864,2.257545657860774,-0.0189359936796527,0.1403339315047134,-0.6991128923055125,0.9769218202675702,0.927455443170718,0.0,-0.0344781637596867,0.0,0.0,-0.1329835697135406,1.2640130473880156,-0.1652030031023261,0.0,-3.982950000000004,-6.08332484088424,0.5845775334229071
10,10,A,V,D,V10D,-2.853982937169466,-20.950600966831953,-23.80458390400142,1,2.076959685668214,-0.2597024687829812,0.903106427752732,-0.0184081649500363,0.4701898092296375,-0.0285227125929381,-0.1143720467537434,0.2706968701363941,0.0,0.0825903682985362,0.0,0.0,0.5804445833480629,2.1966446260671972,-0.062411055786314,0.0,-4.788430000000005,-4.931647314675822,0.7688784558715831
10,10,A,V,T,V10T,-7.108932044256644,-20.950600966831953,-28.059533011088597,1,1.273072579390373,-0.2139932116335021,0.7464920599144449,-0.008200153481729,-0.0076318161209574,-0.1398226288304549,0.0951035848122501,0.1541910517514395,0.0,-0.0052273038060377,0.0,0.0,0.0502593154428354,-0.0467775325053061,0.1272709868078345,0.0,-1.4909400000000057,-7.694571226931572,0.0518422509337206
11,11,A,Q,G,Q11G,2.1283007333743207,-20.81968631126733,-18.691385577893005,1,2.6546650538704455,0.4487910417805754,-2.7629301784529474,-0.0121253119599649,-0.2718937222263116,0.5503572139536752,0.1868415706598725,0.1164600608897643,0.0,-0.0367631629651796,0.0,0.0,-0.1656080080219117,-1.899545319385869,0.1338457942665893,0.0,2.2491099999999946,0.9319165103626156,0.0051791906029823
11,11,A,Q,A,Q11A,0.4891677629220119,-20.81968631126733,-20.330518548345314,1,1.834247908283757,-0.1521151150861293,-1.770794646901436,-0.0052112695344956,-0.1876301937957514,0.4353326681832392,0.2791954469093127,0.2062338646948163,0.0,0.0063771486685704,0.0,0.0,0.0364462502492408,-2.5180942623443308,-0.3230259617502051,0.0,2.775629999999996,-0.5547405879598681,0.4273165133053016
11,11,A,Q,L,Q11L,0.2603278053755602,-20.81968631126733,-20.559358505891765,1,0.4787585682689581,0.1395277791478584,-1.447144795343419,0.0087298233409486,-0.0660204005972691,0.3660083145097292,0.163911506876488,0.0408486264542915,0.0,-0.0713353830664944,0.0,0.0,-0.0358410041488468,-2.37871804174101,-0.1070040613297909,0.0,3.1124199999999966,-0.0006564832504594,0.0568433562545589
11,11,A,Q,M,Q11M,2.1660360885144776,-20.81968631126733,-18.653650222752848,1,-0.314475949257968,0.0634799528831493,-0.8651000586950914,-0.0026288292166268,-0.1388581326268783,0.4713901827603717,-0.0498195951120621,-0.0235346378376775,0.0,-0.0406912177329834,0.0,0.0,-0.0044034849446246,-0.6475631991262034,0.1326298287995158,0.0,3.1082999999999963,0.4642422358050062,0.0130689928165441
11,11,A,Q,F,Q11F,2.235448589043301,-20.81968631126733,-18.584237722224024,1,0.8598004086659614,0.7092567331502764,-1.904467144680524,0.0125991748114678,0.0319310043469212,0.424230555746,0.2935116088915848,0.232731799008075,0.0,-0.0420279446435678,0.0,0.0,-0.0204129918107067,-0.4403124446247091,-0.4501578209928598,0.0,2.669239999999995,-0.1315960586764806,-0.0088782901481287
11,11,A,Q,W,Q11W,2.2457755591293846,-20.81968631126733,-18.57391075213794,1,-1.6354391697195894,0.1871063080364692,-1.277843175995713,0.1423013090413115,0.2800591874738254,0.2562235259601841,0.2321259617995323,0.0980024649991051,0.0,-0.0424313269483862,0.0,0.0,-0.0093691167453653,0.7333949845441801,-0.3626992030945617,0.0,3.711939999999995,-0.1003328164778718,0.0327366262562485
11,11,A,Q,K,Q11K,-0.5106469437884655,-20.81968631126733,-21.33033325505579,1,0.0695502737886641,-0.0158192114540174,0.3249081161304588,-0.0004380583968425,-0.0358372817240892,0.2458890255385366,0.1262880306181202,-0.0025157914643116,0.0,-0.0528413817737112,0.0,0.0,0.0627220758234181,-1.681229017642334,-0.0762955466246746,0.0,0.7363699999999973,-0.3028186420766197,0.0914204654689143
11,11,A,Q,Q,Q11Q,0.0,-20.81968631126733,-20.81968631126733,1,0.0,-1.7763568394002505e-15,0.0,0.0,0.0,1.7763568394002505e-15,0.0,0.0,0.0,0.0,0.0,0.0,0.0,0.0,0.0,0.0,0.0,0.0,0.0
11,11,A,Q,E,Q11E,-0.1509806484453975,-20.81968631126733,-20.970666959712723,1,0.4341757733191116,-0.0870640634820976,0.6529310424208319,-0.0028214196434546,0.0989967391109578,0.1140078896232328,0.4464477258316108,0.0211160820974321,0.0,0.0183251000402213,0.0,0.0,0.0573095205131639,-0.1240787277746413,-0.1406342824478226,0.0,-1.2735800000000026,-0.4489010808689979,0.0827890528150554
11,11,A,Q,S,Q11S,0.8795011693147998,-20.81968631126733,-19.94018514195253,1,1.556086070863557,0.614339664188007,-1.3691627008004588,-0.0103185546773251,-0.2484727806828015,0.3398716431082,-0.6071254626897442,0.0687650108495283,0.0,-0.0389680961425034,0.0,0.0,-0.0016922696688272,-1.2852894182713577,0.3010902063256773,0.0,1.161259999999995,0.3907976376507935,0.0083202192620639
11,11,A,Q,P,Q11P,6.191631856840104,-20.81968631126733,-14.628054454427222,1,0.942918634726496,2.149272046150127,-3.748335315028129,-0.0140118167837821,-0.4288488086433033,0.391605537217659,1.6474362798024416,0.9304375427460272,0.0,0.1295977178043417,0.0,0.0,0.1106844840278586,-2.6566267263537853,-0.4963661197021598,0.0,-0.1922600000000045,1.1989707578033943,6.2271576430729265
11,11,A,Q,V,Q11V,0.7591791713211684,-20.81968631126733,-20.060507139946157,1,0.7752169795860056,0.0368482017816447,-1.9188961479189004,0.0226442155819481,-0.1688230859413817,0.5267466572538382,-0.0561495980026052,0.3056530860122635,0.0,-0.0282126797257262,0.0,0.0,0.0972787374603818,-2.5389082825758607,-0.0754317495808241,0.0,4.093639999999997,-0.549451342983998,0.2370241803743784
11,11,A,Q,I,Q11I,1.8949750308155089,-20.81968631126733,-18.924711280451817,1,-0.5876075913665346,0.6439879008037313,-2.29095274118815,0.0112545607045166,-0.2436440514730562,0.3539964276040983,0.4339178711193199,0.0298518392230349,0.0,0.2153456130894593,0.0,0.0,-0.0753015128998353,-1.201202847535015,0.1041131226708294,0.0,3.754689999999993,0.030817923659363,0.7157085164037333
11,11,A,Q,C,Q11C,4.025476181921491,-20.81968631126733,-16.794210129345835,1,0.3296613865079649,1.6754919594610629,-1.6726093305039598,-0.004850626781395,-0.2433671362499443,0.5318591800887997,-0.904658148845698,0.3063282476154931,0.0,-0.0096239396545687,0.0,0.0,0.1740735804579469,-1.4415725161261292,0.257891129405134,0.0,4.705739999999995,0.3154431509435547,0.0056692456032294
11,11,A,Q,Y,Q11Y,1.6364356410625511,-20.81968631126733,-19.183250670204774,1,0.9187696397461024,0.689409838618495,-1.960970432526267,0.0118117751184521,0.0373720335906648,0.4193866397815196,0.3905383365303052,0.2328799421241463,0.0,-0.0293659867266384,0.0,0.0,-0.0112592027660956,-0.5284300513384608,-0.4108160684076063,2.081225659762709e-06,2.0331799999999944,-0.1824576314876616,0.0263847275799324
11,11,A,Q,H,Q11H,1.6398737698718016,-20.81968631126733,-19.179812541395524,1,1.008992955163393,0.616037953147794,-1.5674201328527315,-0.006883040362586,0.3711569399529875,0.3489099568552714,0.1546507639851739,0.1690530977404805,0.0,-0.0564544628477081,0.0,0.0,-0.0638523179983814,-0.5456721324422276,-0.3217954151970643,0.0,1.1502999999999943,0.4006877174052619,-0.0178381126778557
11,11,A,Q,R,Q11R,-0.1241121138157836,-20.81968631126733,-20.94379842508311,1,-0.5245171150997265,0.04103702430187,0.4820189430950989,0.0025866663050024,0.0586415348152087,0.1827496423258878,-0.259337084424331,-0.0165828324448469,0.0,-0.0628641535439209,0.0,0.0,0.000887450933755,-1.037907095311187,-0.259075749199291,0.0,1.3562099999999937,-0.056946386740579,-0.031012958828704
11,11,A,Q,N,Q11N,1.2050828550747568,-20.81968631126733,-19.61460345619257,1,1.3888129728025405,0.6179172131848496,-1.5519720932669685,-0.0036627522779901,0.0316379441719947,0.3049211849208237,0.1279526963908921,0.1805415455460313,0.0,-0.0085312022161838,0.0,0.0,0.1592552445524089,-0.6187421155766195,0.3451480018691184,0.0,0.1106899999999981,-0.03592930076206,0.1570435157359355
11,11,A,Q,D,Q11D,0.9431830825389228,-20.81968631126733,-19.876503228728403,1,2.074474214976874,0.626670821989709,-1.9809488259652284,-0.0089701309537973,0.0187287540807492,0.4405227907474192,0.6595699479946404,0.1725639046903531,0.0,0.1477552394778944,0.0,0.0,0.1201552677257538,-0.5721076203332807,0.0469673435680446,0.0,-0.6947900000000047,-0.6300312180445022,0.5226225925842911
11,11,A,Q,T,Q11T,-0.604662010408294,-20.81968631126733,-21.42434832167562,1,0.8295211672944873,-0.0616816788534784,-0.509663595946904,0.0034262166259921,-0.1752568799427765,0.2715104118021596,-1.188774352830869,0.1083361263101458,0.0,-0.0532981056323542,0.0,0.0,-0.0554220851155264,-2.5612951119405487,0.0434935104040723,0.0,2.602699999999995,0.2155242619125044,-0.0737818944951822
12,12,A,F,G,F12G,4.44960029441966,-20.952624222640935,-16.503023928221275,1,5.025585761023592,-0.378506937792217,-1.4999783837135825,-0.0263632218580096,-0.3412508861402346,0.4407715830501715,0.9338540451364992,0.2624379540580257,0.0,-0.0125614071392545,0.0,0.0,0.1293535083233792,-2.0372774143191528,1.0208541960549309,0.0,-0.4201300000000039,0.9389739581461588,0.4138375395893821
12,12,A,F,A,F12A,2.468193313957869,-20.952624222640935,-18.484430908683063,1,3.789617883740803,-0.1498884261333533,-1.7355526737213438,-0.0206860829166358,-0.2854934968831886,0.4533614856669512,0.667901103275625,0.0177233054231678,0.0,-0.0311146219555604,0.0,0.0,0.0678778028457198,-1.70682577431527,0.6678730383961252,0.0,0.1063899999999975,0.6371695972785592,-0.0101598267437363
12,12,A,F,L,F12L,0.1526972493051701,-20.952624222640935,-20.799926973335765,1,1.3810257524863945,-0.1038940118561129,-0.4492517053055707,0.0004886647433247,-0.1922377496861163,0.1325765449895808,0.3826811698280394,-0.0402565336812834,0.0,-0.0179250629129441,0.0,0.0,0.0505894745679675,-1.4506043500945331,-0.0673205710548148,0.0,0.4431799999999981,0.1000987580230656,-0.0164531307418283
12,12,A,F,M,F12M,2.919681950557912,-20.952624222640935,-18.032942272083023,1,1.3237777869365883,0.4200285844324174,-1.9304344289356263,-0.0079777322794159,-0.2912123955021291,0.396036414673441,0.5862522569339532,-0.0860940246053978,0.0,-0.0196123826553789,0.0,0.0,0.0581120003000783,0.245557661202767,0.5179033100785377,0.0,0.4390599999999978,0.8367669766351131,0.4315179233429855
12,12,A,F,F,F12F,0.0,-20.952624222640935,-20.952624222640935,1,0.0,0.0,0.0,0.0,0.0,0.0,7.105427357601002e-15,0.0,0.0,0.0,0.0,0.0,0.0,0.0,0.0,0.0,0.0,0.0,0.0
12,12,A,F,W,F12W,2.2763102155169435,-20.952624222640935,-18.67631400712399,1,-1.1612607437516544,0.0078316903612556,0.7690998449181876,-0.0039010708103035,0.1775674637866027,-0.1083016020473,-0.0457346188287459,-0.0249742319606198,0.0,-0.0258199075758485,0.0,0.0,0.058848100905243,0.7186191726361244,-0.0064676393895619,0.0,1.0426999999999964,0.8020161413733113,0.076087615900267
12,12,A,F,K,F12K,-0.1334332760303738,-20.952624222640935,-21.08605749867131,1,2.179298033479782,-0.1816570532663153,0.4355050575026098,-0.0126488454457245,-0.1815377396570303,0.2195811261792073,0.2983675524796609,-0.0546238351209424,0.0,-0.0007673104999748,0.0,0.0,0.0127268582927633,-0.6021724394442032,-0.1262837679292059,0.0,-1.9328700000000048,-0.1184643172521138,-0.0678865953488774
12,12,A,F,Q,F12Q,1.1023688860134868,-20.952624222640935,-19.85025533662745,1,2.397342301736714,-0.21046175682023,0.3515530605523196,-0.0143898824706127,-0.0981798260213073,0.290049945546329,0.0314438978073141,-0.0669970836158952,0.0,-0.0167909935710373,0.0,0.0,0.0166115748837309,0.9904024948995804,-0.0339053308226575,0.0,-2.669240000000002,0.1833762359060315,-0.048445751996784
12,12,A,F,E,F12E,0.4567301580603882,-20.952624222640935,-20.495894064580547,1,2.9828430278777347,-0.2550125321961936,-0.0508798190637094,-0.0178288989707648,-0.0552782263020175,0.3471492551311606,0.7983552371034648,-0.0637613695137986,0.0,-0.0217613939949048,0.0,0.0,0.0502478027917738,0.7008816328906775,0.0277297980118957,0.0,-3.9428200000000047,0.0130837022253764,-0.0562180579302786
12,12,A,F,S,F12S,1.039044484583698,-20.952624222640935,-19.913579738057237,1,3.0782344417604293,0.0801492742695337,1.1270573470707603,-0.0217409269575437,-0.2674430229347515,0.5705348660207061,-0.51472051619821,0.1307987814308973,0.0,-0.0068003172515318,-1.2563965103486745,0.0,-0.0509899840258942,-1.2233795834494643,0.2025974697635129,0.0,-1.5079800000000034,0.394423810462543,0.3046993549713868
12,12,A,F,P,F12P,23.956533225178777,-20.952624222640935,3.003909002537842,1,2.807513994764051,1.8561757066680225,-2.236390876630182,-0.0265412429855382,-0.838440021980098,0.1690668693195149,9.13040038387231,-0.0521189146387861,0.0,2.9124428054300715,0.0,0.0,0.4310226225501909,-2.791465024576844,1.7626726275722011,0.0,-2.861500000000003,10.227434082512731,3.46626021330116
12,12,A,F,V,F12V,-0.5442650841015855,-20.952624222640935,-21.49688930674252,1,1.343571445818597,0.0298010264777257,-1.9328425689291608,0.0001333307532201,-0.2097314260062459,0.386958420184909,0.6513867632692794,0.014967187753573,0.0,0.0404543388562341,0.0,0.0,0.1017554075257607,-1.634663601316877,-0.343301638505441,0.0,1.424399999999995,-0.3400289661711042,-0.0771248038120564
12,12,A,F,I,F12I,-0.6220046320552939,-20.952624222640935,-21.57462885469623,1,0.5207082050231122,0.0627491362078629,-1.4258731405399343,0.0136420532978369,-0.1527555066212809,0.2720820815062588,0.50414923649992,0.0409021571197421,0.0,0.0498119510930763,0.0,0.0,0.1047907560327829,-1.0527652225638595,-0.3395108819025927,0.0,1.085449999999998,-0.2910466337483886,-0.0143388234598074
12,12,A,F,C,F12C,2.8751609407741583,-20.952624222640935,-18.077463281866777,1,2.2188109008724837,-0.125268042550374,-0.4311936155868068,-0.0177524096242157,-0.2547235201355451,0.2599855471478527,0.2605892771645557,-0.0375696766631854,0.0,-0.0034600035994607,0.0,0.0,-0.0059907177759883,-1.5332818262433427,0.1158224421213591,0.0,2.0364999999999966,0.4988107048034997,-0.106118119156676
12,12,A,F,Y,F12Y,-0.5272474622557759,-20.952624222640935,-21.47987168489671,1,0.1311906167623817,-0.0764171565354434,0.4507968836587253,-0.0017298209709542,-0.0223857808839023,-0.1682862656034309,0.2056193888266904,-0.0492663091629843,0.0,0.0034998697931465,0.0,0.0,-0.0003111091853782,-0.0474617097492391,-0.1770624543674803,0.0320927530562902,-0.6360600000000041,-0.1430331530584183,-0.0284332148357524
12,12,A,F,H,F12H,0.4065629055454423,-20.952624222640935,-20.546061317095493,1,0.8319657313079745,-0.142170817287571,1.5499569584639374,-0.0193002712266412,0.1317333626774717,-0.3195163705621002,0.0955448422985654,-0.0134848916655023,0.0,-0.0172195940774653,0.0,0.0,-0.008535375444147,-0.4201974325410909,-0.2276267624447974,0.0,-1.5189400000000042,0.4808809471814044,0.0034725788654128
12,12,A,F,R,F12R,-0.2390877177547956,-20.952624222640935,-21.19171194039573,1,-0.0830264135894367,0.1385160822711455,0.2456288923801111,-0.0062328341950924,-0.004803446078637,0.1199193135691754,0.6181536528854252,0.1890447553973651,0.0,0.045280282434077,0.0,0.0,0.1291851509342412,0.042544428823227,-0.1748841282863567,0.0,-1.3130300000000048,-0.6090036767456102,0.4236202224455834
12,12,A,F,N,F12N,1.0032958980412694,-20.952624222640935,-19.949328324599666,1,2.0495832427990166,-0.1731795300470686,1.2734278775604793,-0.0187059611215655,-0.0642310103812091,0.0153707495849459,0.0157933898790929,0.0275285693422411,0.0,-0.0215428034907123,0.0,0.0,0.0228305393053271,-0.0696204487701628,0.230934621841139,0.0,-2.558550000000004,0.3034513038783188,-0.0297946423385671
12,12,A,F,D,F12D,0.447438669972712,-20.952624222640935,-20.505185552668223,1,2.7960508735408354,-0.2826182289335577,1.4455811623912496,-0.0197641058444644,-0.0417642075865787,-0.1158041743606226,-0.3346251466942291,-0.0659903041587952,0.0,-0.0167966215684574,0.0,0.0,0.0846485060484241,-0.0940518672126771,0.2095907563886518,0.0,-3.364030000000005,0.1501891487934319,0.0968228791695153
12,12,A,F,T,F12T,-0.2612926591672568,-20.952624222640935,-21.213916881808192,1,1.9136192851427012,0.2113037082494475,1.0165954678177371,-0.0148155122406157,-0.2403122821094996,0.4298220140999671,-0.6859309498376263,0.108680054892698,0.0,0.0034039275672723,-1.3045836827206745,0.0,-0.0423765422401363,-1.414884037163798,-0.3240228717366682,0.0,-0.0665399999999998,-0.157224679992499,0.305973441104447
13,13,A,F,G,F13G,0.9913302520646248,-20.753354784439573,-19.762024532374948,1,7.047986238202682,-2.126776673799446,0.4526095590892254,-0.0212571085562799,-0.2771141713274625,0.0973529379463942,0.1931859054511093,-0.6785390390760853,0.0,-0.0390643882160315,0.0,-0.1450931416289521,-0.5839381565086943,-2.1645983028189484,0.7206717262245553,0.0,-0.4201300000000039,0.3956048828311225,-1.4595700157485665
13,13,A,F,A,F13A,2.078155934599039,-20.753354784439573,-18.675198849840537,1,4.707216722231237,-0.5317885835584573,-0.3299604390252,-0.0172355259365265,-0.291145135844737,0.2450781969779614,0.1281558954635357,-0.1737504095379414,0.0,0.035922513504321,0.0,-0.0226950336649167,-0.1449276129082146,-1.972105036305578,0.1753639139399441,0.0,0.1063899999999975,-0.034156338632151,0.19779280789575
13,13,A,F,L,F13L,0.2959381797770071,-20.753354784439573,-20.45741660466257,1,1.5758383362320671,-0.0601365558446271,0.5831116309153543,-0.0336865983708,-0.2291803497327773,-0.046920303203648,0.2925780464239196,0.0710421015977367,0.0,0.0378515198300339,0.0,0.0144772363561384,-0.1553528914410313,-1.9005584755930585,-0.0578921366154512,0.0,0.4431799999999981,-0.0463442265819811,-0.1920691541948951
13,13,A,F,M,F13M,1.825469838798071,-20.753354784439573,-18.9278849456415,1,0.7052732723165462,-0.2902807518937429,1.9250082644297493,-0.0466276489447745,-0.2702786375710477,-0.1671973528213568,0.2074879393293542,0.0823556503211264,0.0,0.0334248049169048,0.0,-0.0526655443340113,0.0206081281343439,-0.5315821552745561,0.2423457227454568,0.0,0.4390599999999978,-0.0455632591436092,-0.425898593412306
13,13,A,F,F,F13F,0.0,-20.753354784439573,-20.753354784439573,1,0.0,0.0,0.0,0.0,0.0,8.881784197001252e-16,0.0,-3.552713678800501e-15,0.0,0.0,0.0,0.0,0.0,0.0,0.0,0.0,0.0,0.0,0.0
13,13,A,F,W,F13W,0.3792961176115099,-20.753354784439573,-20.374058666828063,1,-1.1241890312898022,0.4019064078486867,0.1943623151372548,0.0015873460280952,0.0949604557356869,-0.2173085541551538,-0.2244414302434094,0.1369776623896967,0.0,-0.0450336633434984,0.0,-0.0173304642104525,0.0488324859265147,0.0602582384955034,0.0144753242882278,0.0,1.0426999999999964,-0.0021667670460594,0.0137057920502279
13,13,A,F,K,F13K,2.175167969292623,-20.753354784439573,-18.57818681514695,1,0.3957016328583478,-0.2156273076366108,4.520764851573688,-0.0140012643992961,-0.1152441865643076,-0.4870533770344964,-0.1307854843861235,0.006074260623631,0.0,0.1083710033538007,0.0,0.0071725294539377,-0.1553589298409468,0.1688129349922604,-0.0073585123809472,0.0,-1.9328700000000048,-0.0431146866688934,0.069684505348567
13,13,A,F,Q,F13Q,0.9922915738867316,-20.753354784439573,-19.76106321055284,1,0.5173098365633848,-0.7099923313326801,4.373853303895771,-0.0145933843684976,-0.0440343932099782,-0.3690297714397141,-0.1788601697519354,0.0481563420837751,0.0,0.0258574627503112,0.0,-0.0245302079517346,-0.036697614466568,0.4410937342588177,-0.1198149176977747,0.0,-2.6692400000000056,-0.1042136706310383,-0.1429726448154085
13,13,A,F,E,F13E,2.1827366279137017,-20.753354784439573,-18.57061815652587,1,2.542101296292685,-1.1042665904084998,5.84333919237676,-0.0447012101791391,0.0012948940620152,-0.167772290306206,-0.681552860775021,0.0430516606865474,0.0,0.0209207616288953,0.0,-0.022791150280383,-0.0505250439756452,0.3534277435219302,0.0138558672559356,0.0,-3.9428200000000047,0.0005085192175311,-0.6213341612036967
13,13,A,F,S,F13S,2.650272779838808,-20.753354784439573,-18.103082004600765,1,4.204081501819601,-0.6786317098372496,4.831070112221553,-0.0180624264973361,-0.2104723051166912,0.1840746904310952,-1.815433344930078,-0.0502579044402828,0.0,0.0349276721054598,-1.393598253461438,-0.0842913494837207,0.0255064977276748,-1.3130343017927224,-0.1173831434931502,0.0,-1.5079800000000034,-0.0338903842867956,0.5936474288728881
13,13,A,F,P,F13P,19.863747059307617,-20.753354784439573,-0.8896077251319561,1,1.8581278017532128,2.584522828278292,-0.1108299477306928,-0.0149009622343699,-0.2355850690765146,0.3043695045940069,3.5146889814149205,-0.1059120858725997,0.0,1.9890007794047535,0.0,-0.0375215636445713,0.3983753383813297,-1.4871816837249696,0.230376730518276,0.0,-2.861500000000003,10.498776478079751,3.338939929166761
13,13,A,F,V,F13V,6.946730593675412,-20.753354784439573,-13.80662419076416,1,1.7956212266995095,0.7256791382201531,-0.6340554998890582,0.0266229413922775,-0.2075588262227503,0.1389214896660275,1.2625855511457402,0.2956530348444737,0.0,0.1621548332114279,0.0,-0.0583949047034775,0.600253882307171,-1.4310562827205473,0.4797557960178,0.0,1.424399999999995,0.4824900065401039,1.8836582071665529
13,13,A,F,I,F13I,14.716565494422266,-20.753354784439573,-6.036789290017307,1,1.145457984987658,3.3744879056590342,-1.2864736309915372,0.0210650348536229,-0.1862448204235622,0.1295014890121573,1.717910518129358,0.7630952891101099,0.0,0.8909335548360682,0.0,0.1543167762153522,0.2392926349379582,0.2710337585337719,0.5889708311768329,0.0,1.085449999999998,0.5694248942783435,5.238343274107111
13,13,A,F,C,F13C,3.554437283979169,-20.753354784439573,-17.198917500460404,1,2.550191245191172,-0.5932334853193311,1.547221486437934,-0.0175886020881635,-0.2799671950989029,0.0680938561090824,-0.2648126423504493,-0.0320437071960348,0.0,0.062525390162107,0.0,-0.0288144609506387,-0.0576603931201376,-1.666046597802648,0.288164583153321,0.0,2.0364999999999966,-0.0339496401715848,-0.024142552976567
13,13,A,F,Y,F13Y,-0.565003758330807,-20.753354784439573,-21.31835854277038,1,-0.0946070528254097,-0.1017460788043376,0.067152058381211,0.000219122618907,0.0147550130208164,-0.0855117359218242,0.2551659135117674,0.0064801855484795,0.0,-0.0084389385801015,0.0,-0.0231215356735441,0.0288347567266196,0.0084042962994352,-0.0355931606501362,0.0003084127837678,-0.6360600000000041,-0.0347948435066332,0.0735498287401714
13,13,A,F,H,F13H,0.1509377051199933,-20.753354784439573,-20.60241707931958,1,0.6399286029304534,-0.5179080397221991,3.1186843923252496,-0.0183935709514371,0.1460403107435022,-0.0620353567826557,-0.7412238214895481,-0.0069859673724188,0.0,0.1063861323055164,-0.8358501165555272,-0.025058879821495,-0.0083097674268253,0.0361073501507291,-0.0838066394355201,0.0,-1.5189400000000042,-0.0869125669144104,0.0092156431365761
13,13,A,F,R,F13R,3.8665512158285047,-20.753354784439573,-16.886803568611068,1,0.0999187464360176,-0.2244881030046794,5.457279386826272,-0.0329763547038938,-0.0852567709900116,-0.1618017654072483,0.1209251619898026,0.0007226035249772,0.0,0.1176142550809009,0.0,0.0255331565445783,-0.2587937661564691,0.2283139826204383,0.0689958906086867,0.0,-1.3130300000000048,0.0150710308308461,-0.1914762383717185
13,13,A,F,N,F13N,1.7644457729508254,-20.753354784439573,-18.988909011488747,1,1.969344004910866,-0.6374856830162408,3.573329356385642,-0.0205691426697893,0.0417283812383466,-0.2952848587967134,-0.025644356634892,0.033220299326274,0.0,0.0010720944326516,0.0,-0.0294737487430675,0.0897355034072358,0.1542036615088022,-0.3010602100050825,0.0,-2.558550000000004,-0.2022848309350351,-0.0278346974581946
13,13,A,F,D,F13D,3.3183209586947946,-20.753354784439573,-17.435033825744778,1,3.2773653518639776,-0.9542826659828644,5.115856646546106,-0.017409031895351,0.0929066044840967,-0.0449391117658448,-0.7396331638700246,0.1654770020820599,0.0,-0.0279714967831692,0.0,-0.0304069869822657,-0.0001370024498925,0.2570197420510922,-0.1969733316893134,0.0,-3.364030000000005,-0.1440927494906656,-0.0704288474231642
13,13,A,F,T,F13T,1.953942729734731,-20.753354784439573,-18.79941205470484,1,2.9027657660063255,-0.3600419938675117,4.250955122772737,-0.017957814125889,-0.1945692045729954,0.0554512256299633,-1.9823563863475544,0.1195428209737627,0.0,0.0226200164552148,-1.3239244941204356,-0.0680745567631804,0.1000150090667244,-1.6728490844520714,-0.1624955980081799,0.0,-0.0665399999999998,-0.0249910753613065,0.3763929764491198
14,14,A,S,G,S14G,0.3060269793605741,-20.537971927167696,-20.23194494780712,1,1.4883610459285137,-0.6109332979731459,-0.9951568847349108,-0.0028779589337376,-0.0747692673567534,0.196737998496153,-0.0089772527684246,0.1026192625905473,0.0,0.0107448168276897,0.0,-0.0619991421286818,-0.6215334869714497,-0.530347415374198,-0.0360276266459163,0.0,1.087849999999996,0.7527106823387619,-0.3903744939338409
14,14,A,S,A,S14A,-1.464495375926088,-20.537971927167696,-22.002467303093784,1,-0.0944142251939297,0.0139193778998034,-1.4768319183566234,0.0013692181249552,-0.0673250744132607,0.2980793642062158,-0.0104041454752916,0.0495667611230814,0.0,0.005932393913687,0.0,0.0,-0.5598186981110778,-0.4931122673106429,-0.6018460459800095,0.0,1.6143699999999974,-0.4592845313064746,0.3153044149535269
14,14,A,S,L,S14L,-0.9238425476309472,-20.537971927167696,-21.461814474798643,1,-1.622648602367846,0.0384948416907686,-0.5035875081300247,0.0211792833010834,0.1014147816588071,0.0496721962777799,0.1237679415456156,-0.0483385679201155,0.0,0.0,0.0,0.0,-0.3244924896332921,-0.1169095370715744,-0.5394896290542317,0.0,1.9511599999999945,-0.2474772148578399,0.1934119569299621
14,14,A,S,M,S14M,-0.0168557651945207,-20.537971927167696,-20.554827692362217,1,-2.2673556927956326,0.2462817214633652,-0.6148336184175776,0.0108256335374365,0.1615836247246393,0.008385839745947,-0.1383990328095024,0.1840999655356334,0.0,0.0054256931652778,0.0,0.0,-0.452892801985735,1.2141239915128494,-0.3278213403999563,0.0,1.9470399999999977,-0.206424199038171,0.2131044505669148
14,14,A,S,F,S14F,0.0986814168170795,-20.537971927167696,-20.439290510350617,1,-1.7464129795839654,-0.0043094923261168,0.2128258713808293,0.0220578354870712,0.1713901256994994,0.1708334194472192,0.1666628711749567,-0.0716078540810372,0.0,0.0,0.0,0.0,-0.2830482393746563,0.8255268441448784,-0.7899678156589178,0.0,1.5079799999999963,-0.2098524513044672,0.1266032818118176
14,14,A,S,W,S14W,0.6081485169337455,-20.537971927167696,-19.92982341023395,1,-2.9479203960596863,0.0812997955773831,0.3681893697236802,0.0204421371164705,0.3204440221935565,0.2821041934141091,0.2447351818593617,-0.0374921674505621,0.0,0.0,0.0,0.0,-0.3438648229362846,0.736757738046343,-0.6208873470172944,0.0,2.5506799999999963,-0.2687830997146552,0.222443912181335
14,14,A,S,K,S14K,-1.4570810783996997,-20.537971927167696,-21.995053005567396,1,-1.0165529142035157,-0.0004326064450932,0.0097734020496602,0.0077743673820483,0.1141902643096512,0.0810302605740611,0.0988043904629734,-0.0385587974697756,0.0,0.0,0.0,0.0,-0.1697378825882469,0.467465727902475,-0.2898622659273775,0.0,-0.4248900000000049,-0.3930520221949649,0.0969669977484137
14,14,A,S,Q,S14Q,-0.5724573573629428,-20.537971927167696,-21.11042928453064,1,-1.4666185339604425,0.0820672340446648,0.0230436406212248,0.0066318393278103,0.1015653464159376,-0.1386111746534437,0.1701795337824734,-0.0724874295179809,0.0,0.0,0.0,0.0,-0.1348547335796157,2.321415407902137,-0.277713059751534,0.0,-1.1612600000000055,-0.252912968056048,0.2270975400618926
14,14,A,S,E,S14E,-1.331862373993907,-20.537971927167696,-21.869834301161603,1,-1.1161227422066986,-0.0066010617554059,0.7427683674501822,0.0050651811675517,0.2508554221894616,-0.0035386975310549,0.152301632877446,-0.0504380936201869,0.0,0.0,0.0,0.0,-0.2880614579728047,2.143872946312108,-0.4316060791073106,0.0,-2.434840000000005,-0.4022423915646733,0.1067245997675261
14,14,A,S,S,S14S,0.0,-20.537971927167696,-20.537971927167696,1,0.0,0.0,0.0,0.0,0.0,8.881784197001252e-16,0.0,0.0,0.0,0.0,0.0,0.0,0.0,0.0,0.0,0.0,0.0,0.0,0.0
14,14,A,S,P,S14P,21.150693183660213,-20.537971927167696,0.6127212564925166,1,-2.58422029781039,6.687349978189012,-2.4423068676796476,0.0131373584639343,0.0085913822954424,-0.147264069598104,2.6877987105341674,1.5112948197555092,0.0,0.0089593644680849,0.0,0.0,-0.4848092099278343,0.5800179963777801,1.9252370663912783,0.0,-1.3535200000000032,4.198556191913124,10.541870760287882
14,14,A,S,V,S14V,3.2932104767001427,-20.537971927167696,-17.244761450467553,1,-1.612478012112618,1.3541813221779542,-1.3294604424886811,0.0486962557181893,-0.0106605636688037,0.2265203175347485,-0.1115285063127018,0.1133109577193742,0.0,0.0,0.0,0.0,-0.4258225581260906,-0.50449725903783,-0.5367986064214971,0.0,2.932379999999995,-0.5714260377587213,3.7207936094768534
14,14,A,S,I,S14I,3.6880425467839615,-20.537971927167696,-16.849929380383735,1,-3.2076070627395836,1.669232709318452,-0.8461467423585702,0.0710820396986064,0.0597718273203096,0.1777438654153433,-0.2302700733455722,0.0917676049284956,0.0,0.0,0.0,0.0,-0.4504150460375644,0.8496923158337601,-0.6118103889658075,0.0,2.5934299999999944,-0.5632563488923452,4.084827846608434
14,14,A,S,C,S14C,2.991088727664319,-20.537971927167696,-17.546883199503377,1,-0.7305166369612692,-0.0907108345341178,-0.4129006446765118,0.0027958128306107,-0.0210792401497688,0.1263992963128997,0.0516784810451298,-0.0440400621566361,0.0,0.0,0.0,0.0,-0.0830504360027812,0.1402837247717485,-0.064394999009812,0.0,3.5444799999999965,0.4926757968402135,0.0794684693546354
14,14,A,S,Y,S14Y,-0.5463609722487135,-20.537971927167696,-21.08433289941641,1,-1.84320688330277,-0.0443056032214261,0.4086342943075607,0.0224938609208064,0.2073904305731861,0.0988887879392796,0.1606717569380791,-0.0897381796672007,0.0,0.0,0.0,0.0,-0.3370705784087668,0.7730429975340947,-0.7558830914963142,0.0002627921394052,0.8719199999999958,-0.1501935101606619,0.1307319536560331
14,14,A,S,H,S14H,-0.4405130970748026,-20.537971927167696,-20.9784850242425,1,-1.0754904828345673,0.0253614631881387,0.6296093255441662,0.0033606812582293,0.4791860143114572,-0.0508629846747075,-0.2252648374944215,-0.0204268349096885,0.0,0.0,0.0,0.0,-0.2606115822548656,0.6714820198337641,-0.5658479871092528,0.0,-0.0109600000000007,-0.0996731806939905,0.0596252887609374
14,14,A,S,R,S14R,-0.0674309644400636,-20.537971927167696,-20.60540289160776,1,-1.739925689358273,0.0613765791193561,0.351759983238523,0.0144001240214214,0.3991990501119167,-0.1741046224719644,-0.090971685066016,-0.0670509506287402,0.0,0.0,0.0,0.0,0.1845379144414789,1.4729440328814896,-0.4005691043061461,0.0,0.1949499999999986,-0.3715821832375443,0.0976055868144456
14,14,A,S,N,S14N,0.5025055519093051,-20.537971927167696,-20.03546637525839,1,-1.0004838955399151,0.0972445781461459,0.5744350041359212,0.0036286857621047,0.5018484066386666,-0.1728251541053351,-0.2220673707022697,0.0387692635925631,0.0,-0.0003562316336171,0.0,0.0,-0.5568028042296682,1.5888958353821536,0.2125002848807111,0.0,-1.050570000000004,0.2244157512564193,0.2638731983254594
14,14,A,S,D,S14D,0.4599176510699791,-20.537971927167696,-20.078054276097717,1,-0.4500324522649208,0.0076673313668607,0.7127233990379693,0.0009860768450533,0.5319488482271986,-0.1551877637466043,-0.2041703908496686,-0.0214587183620764,0.0,0.0,0.0,0.0,-0.2674234703308171,2.266584539474003,-0.1739882038319891,0.0,-1.8560500000000033,-0.4115160694814719,0.4798345249864866
14,14,A,S,T,S14T,0.7122266718995043,-20.537971927167696,-19.825745255268192,1,-0.9542370114742198,0.1626179194167072,1.3332872855496305,0.0134558447262327,-0.0023395073446854,0.1429918734760571,-1.1118110214350878,0.1245040578079219,0.0,0.0,0.0,0.0,-0.4171290640740601,-0.5511246828412837,-0.2947189968505215,0.0,1.4414399999999965,-0.2367254807277881,1.0620154556706076
15,15,A,G,G,G15G,-2.8421709430404014e-14,-21.193771780958663,-21.19377178095869,1,0.0,1.7763568394002505e-15,0.0,0.0,0.0,8.881784197001252e-16,-1.4210854715202004e-14,0.0,0.0,0.0,0.0,0.0,0.0,0.0,0.0,0.0,0.0,0.0,0.0
15,15,A,G,A,G15A,-1.4544625517204928,-21.193771780958663,-22.648234332679156,1,-0.8820369450586156,0.0739190127663356,-0.0620834816816824,-0.0002698296267474,-0.0008790116071715,-0.1097819744565802,0.3696911023499893,0.1933951959490514,0.0,0.0,0.0,0.0,-0.0323897594527351,-0.0543531823788683,-0.5509163836735862,0.0,0.5265199999999979,-1.0187243767086898,0.0934470818588213
15,15,A,G,L,G15L,-1.6570895116799989,-21.193771780958663,-22.850861292638665,1,-2.5105517243051025,0.0966129392138483,0.3422244007306858,0.0221500868627824,0.1920758839625911,-0.0854730573594695,0.2466667883089357,0.0544347375519791,0.0,0.0,0.0,0.0,0.0306535285334348,0.4473861659689326,-0.5484330441639087,0.0,0.8633099999999985,-0.8392395130278096,0.0310932960431014
15,15,A,G,M,G15M,-0.2986705165622183,-21.193771780958663,-21.49244229752088,1,-3.835555734145416,0.3453158494011052,0.5389885075209122,0.0165910491743966,0.1991845425035041,-0.1337174390428144,0.3039098945924294,0.0197274961209998,0.0,0.0,0.0,0.0,0.0249993131471386,2.112206865880559,-0.2996251989987288,0.0,0.8591899999999981,-0.5575737739589535,0.1076881112426502
15,15,A,G,F,G15F,-2.339519210855684,-21.193771780958663,-23.533290991814347,1,-2.979511009997154,0.1978638816115356,-0.1305722706573249,0.0213393822212304,0.218028553875329,-0.1055926359516847,0.219636733067233,-0.0275472974618011,0.0,0.0,0.0,0.0,0.0690241689980331,1.288048150591191,-0.7990133946470124,0.0,0.4201299999999968,-0.7949396980227696,0.0635862255174952
15,15,A,G,W,G15W,-2.211617978956273,-21.193771780958663,-23.405389759914936,1,-4.03317711110985,0.631256767975648,-0.468394894860026,0.0189819932491087,0.2884154620234458,-0.1536797651388974,0.1322335472805633,0.0125662884665516,0.0,0.0,0.0,0.0,-0.0266055632570054,1.1685635284802558,-0.6330324283105133,0.0,1.4628299999999967,-0.8407309270348318,0.2291551232792716
15,15,A,G,K,G15K,-2.464184635301375,-21.193771780958663,-23.65795641626004,1,-1.811164374736748,0.0542902199870418,0.6037375387048343,0.0088560300051551,0.1856390720256593,-0.0906611379381727,0.2396146333547477,0.0509453333116987,0.0,0.0,0.0,0.0,0.0295794401767246,1.02403235070879,-0.3042257677197075,0.0,-1.5127400000000044,-0.9437847374043162,0.001696764222915
15,15,A,G,Q,G15Q,-1.2960401271035416,-21.193771780958663,-22.489811908062205,1,-1.1086140091031211,0.0827720032007448,0.630680132188175,0.0043553680516318,0.175979869251023,-0.1415843679043709,0.4379745562579842,0.1581461207638739,0.0,0.0,0.0,0.0,-0.0302381377025777,2.1720849239334363,-0.4913518456491332,0.0,-2.2491100000000053,-1.0041801145755258,0.0670453741843335
15,15,A,G,E,G15E,-2.5300676924948746,-21.193771780958663,-23.723839473453538,1,-1.6645698268444704,0.0478694712719232,0.7960358139012271,0.0054939849546545,0.3195158425215423,-0.0499319776973754,0.1724109811695982,0.0957313958388077,0.0,0.0,0.0,0.0,0.018173374162723,2.7106230029798972,-0.4685875300405837,0.0,-3.522690000000006,-1.0123296732156586,0.0221874485028319
15,15,A,G,S,G15S,-1.744008803386091,-21.193771780958663,-22.93778058434475,1,-0.8829597778197069,0.0969163180070662,0.7057142712143332,0.000284903369794,0.0225737331671647,-0.1938636206801449,-0.0997394225552525,0.1389849819235422,0.0,0.0,0.0,0.0,-0.0273967130381296,0.3736432405228704,-0.0848007477479033,0.0,-1.0878500000000066,-0.7515528985230837,0.046036928773363
15,15,A,G,P,G15P,9.131456602043926,-21.193771780958663,-12.062315178914735,1,-3.566244195110343,1.195731333374674,0.4493551405447817,-0.0007695095102631,0.0257514096389863,-0.2622856194975389,-0.0970325727942267,0.4294658762428955,0.0,0.0,0.0,0.0,0.311613265144385,0.0229917260987093,-0.1501057355011241,0.0,-2.4413700000000063,9.532940173956243,3.681415309456744
15,15,A,G,V,G15V,-1.57900920502885,-21.193771780958663,-22.772780985987513,1,-2.0029150586735653,0.099148609256332,-0.0478147978722773,0.0212673349076856,0.0535501050299549,-0.1386778937179569,0.2756105840402156,0.0733881167201246,0.0,0.0,0.0,0.0,-0.0606837068030172,-0.0013430014241713,-0.7128239205050875,0.0,1.8445299999999951,-0.9501684131847608,-0.0320771628023148
15,15,A,G,I,G15I,-1.563572100448141,-21.193771780958663,-22.757343881406804,1,-2.053355281533655,0.0944992487395328,0.2325720812092271,0.0284296540666947,0.0716429623302667,-0.1341050942360313,0.2859938222732197,0.0386302545639587,0.0,0.0,0.0,0.0,-0.0390100398995025,0.0996495540887387,-0.8302437016417885,0.0,1.5055799999999948,-0.8607117091255923,-0.0031438512832
15,15,A,G,C,G15C,1.7179502912659077,-21.193771780958663,-19.475821489692756,1,-1.6850675389549394,-0.0317907461009827,0.1726333976106673,0.0029375520731019,0.04790638868403,-0.058553796017466,0.1216365512639043,0.0466589320639094,0.0,0.0,0.0,0.0,0.068564793604523,0.6373052547495242,-0.0851767238134402,0.0,2.456629999999997,-0.0180276713769487,0.0422938974800199
15,15,A,G,Y,G15Y,-2.9435394087116045,-21.193771780958663,-24.137311189670267,1,-3.1024468496145943,0.1673149169605192,0.0529033695483178,0.021330673448728,0.2367974606428964,-0.1917195430790235,0.2030485283158967,-0.000519657525686,0.0,0.0,0.0,0.0,0.082116643133751,1.2455248759667477,-0.7628601645594606,0.0034981314969871,-0.2159300000000037,-0.7679114323436114,0.0853136388969151
15,15,A,G,H,G15H,-2.2642291419478653,-21.193771780958663,-23.45800092290653,1,-2.4480502430705116,0.0037767272556017,0.8449756151427579,0.0045762591989924,0.5511673496373062,-0.2612289883514327,0.1707803524993565,-0.0388130260509669,0.0,0.0,0.0,0.0,0.0258320350501812,1.2221002271247912,-0.6367909391177906,0.0,-1.0988100000000038,-0.7075524649691882,0.1038079537030185
15,15,A,G,R,G15R,-1.3393374864018313,-21.193771780958663,-22.533109267360494,1,-3.1119220328041735,-0.0716235302220678,1.9758677206533548,0.0183929834410742,0.6560529284704186,-0.5508961402309795,0.0830662314956143,0.0415102863611416,0.0,0.0,0.0,0.0,0.0411314055065759,1.5751821168380469,-0.3762691503055637,0.0,-0.8929000000000045,-0.8372586443992969,0.110328338794023
15,15,A,G,N,G15N,-1.6947417304487935,-21.193771780958663,-22.888513511407456,1,-1.237403720802433,0.1031680569134394,0.8929247262192774,0.0040283742694986,0.2487088746494077,-0.2644327192178339,0.0192333950814287,0.1382717281480872,0.0,0.0,0.0,0.0,-0.0453482726668794,1.0837241111266849,0.0762116996035104,0.0,-2.1384200000000035,-0.6680194644550319,0.0926114806820681
15,15,A,G,D,G15D,-2.6675941145180246,-21.193771780958663,-23.861365895476688,1,-1.2028841818180211,0.1470782841849995,1.277675037766258,0.0018898324181272,0.3014240816178475,-0.1342833007732577,-0.49493485792852,0.1481018154332325,0.0,0.0,0.0,0.0,-0.0422277031144076,1.53781422499506,-0.3232689050857369,0.0,-2.9439000000000064,-1.0872589154987118,0.1471804732851076
15,15,A,G,T,G15T,-2.1909024940719064,-21.193771780958663,-23.38467427503057,1,-1.5776521360326683,0.051719412861523,0.2975277715808886,0.0116707855655757,0.0632200896216508,-0.1952611427542772,-0.1525107746998486,0.0734801761860275,0.0,0.0,0.0,0.0,0.0117221418190291,-0.0225874387102003,-0.392895267782833,0.0,0.3535899999999969,-0.7333703614300369,0.0204442497032815
16,16,A,I,G,I16G,4.9334204135156465,-20.84973442993092,-15.916314016415273,1,6.030994058599603,-0.9941469541704464,1.061141169484685,-0.0269961741572381,-0.0604133679762286,0.1758649903349436,0.082972711947626,-0.4006596859843583,0.0,-0.0153815137673287,0.0,-0.1168539405308033,-0.1065280981034442,-0.4279566669890826,0.2873784215953294,0.0,-1.5055800000000057,1.2599132719066723,-0.3103278086742502
16,16,A,I,A,I16A,2.3455751647025735,-20.84973442993092,-18.504159265228346,1,4.216538651472888,-0.6493891641280936,0.0130723829368832,-0.0265417087441241,-0.0688480840729317,0.1976373402330553,0.0596915014639307,-0.0464695162023502,0.0,-0.0068591506265702,0.0,0.0134999163842253,0.015263714640384,-0.1483869272066904,0.0582431262622622,0.0,-0.979060000000004,-0.2150103532187444,-0.0878065644915278
16,16,A,I,L,I16L,2.4131256842773965,-20.84973442993092,-18.436608745653523,1,1.9437566147523313,-0.3103135663138623,0.8058706209301079,-0.0015924045611174,0.0073767665659456,0.1254042761542324,-0.1013911054493021,0.1399092648033999,0.0,-0.0001511491788583,0.0,0.0701641504532231,0.1356717445479325,0.2756553877783823,0.1107748352942927,0.0,-0.6422700000000034,-0.2212053200203527,0.0754655685210625
16,16,A,I,M,I16M,3.436586843244612,-20.84973442993092,-17.413147586686307,1,1.1108852056268006,-0.082035045943158,1.4357215783117852,-0.0177987202031641,-0.0673839014693049,0.2028919202669312,-0.0488026504625906,0.019626189212019,0.0,0.0004804219320142,0.0,0.0216570057601297,0.0403504097462958,1.0761873076493416,0.3372260404941096,0.0,-0.6463900000000038,0.1557722559992793,-0.1018011736758435
16,16,A,I,F,I16F,4.975067911256307,-20.84973442993092,-15.874666518674612,1,0.7167501847303583,0.4268611504107884,0.8040529812685264,-0.0021097442973519,0.122360222444251,0.5052391377344634,-0.0068418081800132,-0.0716781852241545,0.0,-0.0035400264473244,0.0,0.1251648642610606,0.1929354544671417,2.6530416781523165,0.0221179975621368,0.0,-1.0854500000000051,0.0791486825613496,0.4970153218127606
16,16,A,I,W,I16W,4.90370002507516,-20.84973442993092,-15.94603440485576,1,-2.3078000754960613,0.6910326065058623,0.8085784871775132,0.0017940233335913,0.2707482714676512,0.1302620926741715,0.5302064810629901,-0.1383193621471292,0.0,0.0230608613787897,0.0,-0.0622945610058406,-0.1029309340782718,4.805730243454796,0.1590348977233835,0.0,-0.0427500000000016,-0.0854571655599194,0.2228041585836671
16,16,A,I,K,I16K,2.4055350720129383,-20.84973442993092,-18.44419935791798,1,2.2439444727344693,-0.5280357895363181,2.6041736606550927,-0.0191365185774509,0.0501644342107052,-0.0851169686930886,-0.1832210626622128,0.086442401487659,0.0,-0.0054728018591685,0.0,0.0585640521549749,0.1219218490610778,0.9478874535815612,0.3091975748112214,0.0,-3.018320000000003,-0.3356407251457742,0.1581830397902113
16,16,A,I,Q,I16Q,2.1802930403723906,-20.84973442993092,-18.66944138955853,1,1.7436216492432806,-0.5869149192005594,2.8822034159637298,-0.0204767031508994,0.1309485203170419,-0.4187151009066925,-0.7513830457089483,0.061258898656952,0.0,-0.0042595759169428,0.0,0.0459779991151326,0.0916426019282035,2.7804632404659486,0.1997419612828552,0.0,-3.7546900000000054,-0.206363389799927,-0.0127625119167635
16,16,A,I,E,I16E,1.8304201504423645,-20.84973442993092,-19.019314279488555,1,1.846966808561632,-0.381400632179659,3.9182061641319166,-0.0201635112659046,0.2609400049719328,-0.1655890793895063,-1.297072017300323,-0.0145263353056073,0.0,8.539045315547611e-05,0.0,0.0218291600944245,-0.0136575015686284,2.808257239888299,0.0883010954105305,0.0,-5.028270000000006,-0.1570405514104269,-0.0364460846494409
16,16,A,I,S,I16S,3.54331297249945,-20.84973442993092,-17.30642145743147,1,4.061289324130357,-0.7496242905796677,2.41450388467635,-0.0262681695112274,-0.0417437021099535,0.0376350508140967,-0.4685791575705025,-0.0177834235363825,0.0,-0.0036676046167745,0.0,-0.0010489303191197,0.0425948143061916,0.3006768956483689,0.5733145214980117,0.0,-2.593430000000005,0.1087370868166228,-0.0932933271469025
16,16,A,I,P,I16P,12.845337841156542,-20.84973442993092,-8.004396588774377,1,1.3368908707354308,1.1450702132903388,1.8468460158075573,-0.0247433724469036,-0.0193693265160561,0.6208578200790251,-0.866253874537712,1.057752091553784,0.0,-0.0039454158433702,0.0,0.2156822749957852,0.3535935182423639,-0.0773265165552565,-0.7182836400006702,0.0,-3.9469500000000064,9.949435495703622,1.9760816866486373
16,16,A,I,V,I16V,0.6416152873796293,-20.84973442993092,-20.20811914255129,1,0.9326669078622274,-0.2142700860686499,-0.0506126573982896,0.0014602487865811,-0.0093613795900378,0.0464068836662052,-0.1458789867917787,-0.1158461568374313,0.0,8.611248458478826e-05,0.0,-0.0339244126702802,-0.0291712062395614,-0.1383796332332778,0.1437318094243143,0.0,0.3389500000000005,-0.0739932314533096,-0.0102489245616652
16,16,A,I,I,I16I,-1.4210854715202004e-14,-20.84973442993092,-20.849734429930933,1,0.0,0.0,0.0,0.0,0.0,8.881784197001252e-16,1.4210854715202004e-14,-3.552713678800501e-15,0.0,0.0,0.0,0.0,0.0,0.0,0.0,0.0,0.0,0.0,0.0
16,16,A,I,C,I16C,4.914302485516451,-20.84973442993092,-15.935431944414468,1,1.7436018886383948,-0.2265973955625142,1.1491185125311745,-0.0234960547744549,-0.0217491641165059,0.0888836657495941,-0.1588554040982686,-0.287860488822222,0.0,0.0017638545192308,0.0,-0.0452213934544799,-0.0339050078586726,0.4127139198436644,0.4619275753592988,0.0,0.9510499999999986,1.0153504290414972,-0.1124224514792757
16,16,A,I,Y,I16Y,4.7306942151215665,-20.84973442993092,-16.119040214809353,1,0.4184151935797047,0.5712969801102172,0.9495551692380672,-0.0028724707748397,0.1299243349397567,0.4299783101247492,0.1007647484971201,-0.1139008430909953,0.0,-0.000238376861267,0.0,0.0825178077455673,0.1479423944547124,2.9980160807338336,0.0073820955175747,1.2171301546140545e-06,-1.7215100000000056,0.1270480205751827,0.6063735532020473
16,16,A,I,H,I16H,2.9019095324504676,-20.84973442993092,-17.94782489748045,1,1.863986242891116,-0.556592157586044,1.852187260327,-0.0236186726485365,0.311190634708189,-0.03458733119946,-0.2770485642988092,-0.0149235700156538,0.0,-0.0040700774099464,0.0,-0.0133827293775352,0.0474638502069213,2.114699673234377,0.3569124305843343,0.0,-2.6043900000000058,-0.1365536699502438,0.0206362129847761
16,16,A,I,R,I16R,3.4446982296732926,-20.84973442993092,-17.405036200257626,1,0.9747836936271456,-0.2876976477989537,3.0457495550127476,-0.0162024609197296,0.1261382196683982,0.4385602586063131,-0.3061335878118356,0.0691550522849944,0.0,0.0019318502465619,0.0,0.0819729806961951,0.1204903545095403,1.6008894941209242,0.3072320634737073,0.0,-2.398480000000003,-0.3674553723057912,0.0537637762630911
16,16,A,I,N,I16N,3.3401860215807773,-20.84973442993092,-17.509548408350142,1,2.9984037509464656,-0.7394550053512905,2.5712227383057495,-0.0207356373394393,0.1979941126802042,0.2616936571773705,-0.2537959576056607,0.072735235640831,0.0,-0.0067074653033882,0.0,0.038734581394087,0.0721775915938358,0.8815420362996313,0.7021762111860824,0.0,-3.6440000000000055,0.2685127662022513,-0.0603125942459357
16,16,A,I,D,I16D,3.392131082833913,-20.84973442993092,-17.457603347097006,1,3.660729558571589,-0.7370528879724514,3.2917629525412337,-0.0251042475943286,0.2289297476277063,0.2467068434594042,-0.403749946888837,0.1632519291348586,0.0,-0.0025268434816538,0.0,0.0207906343642385,0.0082156490804854,0.903485823532133,0.3489505605384488,0.0,-4.4494800000000065,-0.0157060588813369,0.1529273688024446
16,16,A,I,T,I16T,1.8326285459978775,-20.84973442993092,-19.01710588393304,1,2.0615089785932383,-0.4165594247965121,1.9667456840090551,-0.0122576140655494,-0.0031212578315642,-0.1039021489233364,-0.5303436053275874,-0.1595953953588882,0.0,-0.0009144164349894,0.0,-0.0187872084317202,-0.0212236520920019,-0.1431060861969975,0.3107375655868067,0.0,-1.151990000000005,0.224617537626921,-0.169180410358976
17,17,A,C,G,C17G,0.0,-20.81923027191945,-20.81923027191945,1,0.0,0.0,0.0,0.0,0.0,0.0,0.0,-3.552713678800501e-15,0.0,0.0,0.0,0.0,0.0,0.0,0.0,0.0,0.0,0.0,0.0
17,17,A,C,A,C17A,0.0,-20.81923027191945,-20.81923027191945,1,0.0,0.0,0.0,0.0,0.0,0.0,0.0,-3.552713678800501e-15,0.0,0.0,0.0,0.0,0.0,0.0,0.0,0.0,0.0,0.0,0.0
17,17,A,C,L,C17L,0.0,-20.81923027191945,-20.81923027191945,1,0.0,0.0,0.0,0.0,0.0,0.0,0.0,-3.552713678800501e-15,0.0,0.0,0.0,0.0,0.0,0.0,0.0,0.0,0.0,0.0,0.0
17,17,A,C,M,C17M,0.0,-20.81923027191945,-20.81923027191945,1,0.0,0.0,0.0,0.0,0.0,0.0,0.0,-3.552713678800501e-15,0.0,0.0,0.0,0.0,0.0,0.0,0.0,0.0,0.0,0.0,0.0
17,17,A,C,F,C17F,0.0,-20.81923027191945,-20.81923027191945,1,0.0,0.0,0.0,0.0,0.0,0.0,0.0,-3.552713678800501e-15,0.0,0.0,0.0,0.0,0.0,0.0,0.0,0.0,0.0,0.0,0.0
17,17,A,C,W,C17W,0.0,-20.81923027191945,-20.81923027191945,1,0.0,0.0,0.0,0.0,0.0,0.0,0.0,-3.552713678800501e-15,0.0,0.0,0.0,0.0,0.0,0.0,0.0,0.0,0.0,0.0,0.0
17,17,A,C,K,C17K,0.0,-20.81923027191945,-20.81923027191945,1,0.0,0.0,0.0,0.0,0.0,0.0,0.0,-3.552713678800501e-15,0.0,0.0,0.0,0.0,0.0,0.0,0.0,0.0,0.0,0.0,0.0
17,17,A,C,Q,C17Q,0.0,-20.81923027191945,-20.81923027191945,1,0.0,0.0,0.0,0.0,0.0,0.0,0.0,-3.552713678800501e-15,0.0,0.0,0.0,0.0,0.0,0.0,0.0,0.0,0.0,0.0,0.0
17,17,A,C,E,C17E,0.0,-20.81923027191945,-20.81923027191945,1,0.0,0.0,0.0,0.0,0.0,0.0,0.0,-3.552713678800501e-15,0.0,0.0,0.0,0.0,0.0,0.0,0.0,0.0,0.0,0.0,0.0
17,17,A,C,S,C17S,0.0,-20.81923027191945,-20.81923027191945,1,0.0,0.0,0.0,0.0,0.0,0.0,0.0,-3.552713678800501e-15,0.0,0.0,0.0,0.0,0.0,0.0,0.0,0.0,0.0,0.0,0.0
17,17,A,C,P,C17P,0.0,-20.81923027191945,-20.81923027191945,1,0.0,0.0,0.0,0.0,0.0,0.0,0.0,-3.552713678800501e-15,0.0,0.0,0.0,0.0,0.0,0.0,0.0,0.0,0.0,0.0,0.0
17,17,A,C,V,C17V,0.0,-20.81923027191945,-20.81923027191945,1,0.0,0.0,0.0,0.0,0.0,0.0,0.0,-3.552713678800501e-15,0.0,0.0,0.0,0.0,0.0,0.0,0.0,0.0,0.0,0.0,0.0
17,17,A,C,I,C17I,0.0,-20.81923027191945,-20.81923027191945,1,0.0,0.0,0.0,0.0,0.0,0.0,0.0,-3.552713678800501e-15,0.0,0.0,0.0,0.0,0.0,0.0,0.0,0.0,0.0,0.0,0.0
17,17,A,C,C,C17C,0.0,-20.81923027191945,-20.81923027191945,1,0.0,0.0,0.0,0.0,0.0,0.0,0.0,-3.552713678800501e-15,0.0,0.0,0.0,0.0,0.0,0.0,0.0,0.0,0.0,0.0,0.0
17,17,A,C,Y,C17Y,0.0,-20.81923027191945,-20.81923027191945,1,0.0,0.0,0.0,0.0,0.0,0.0,0.0,-3.552713678800501e-15,0.0,0.0,0.0,0.0,0.0,0.0,0.0,0.0,0.0,0.0,0.0
17,17,A,C,H,C17H,0.0,-20.81923027191945,-20.81923027191945,1,0.0,0.0,0.0,0.0,0.0,0.0,0.0,-3.552713678800501e-15,0.0,0.0,0.0,0.0,0.0,0.0,0.0,0.0,0.0,0.0,0.0
17,17,A,C,R,C17R,0.0,-20.81923027191945,-20.81923027191945,1,0.0,0.0,0.0,0.0,0.0,0.0,0.0,-3.552713678800501e-15,0.0,0.0,0.0,0.0,0.0,0.0,0.0,0.0,0.0,0.0,0.0
17,17,A,C,N,C17N,0.0,-20.81923027191945,-20.81923027191945,1,0.0,0.0,0.0,0.0,0.0,0.0,0.0,-3.552713678800501e-15,0.0,0.0,0.0,0.0,0.0,0.0,0.0,0.0,0.0,0.0,0.0
17,17,A,C,D,C17D,0.0,-20.81923027191945,-20.81923027191945,1,0.0,0.0,0.0,0.0,0.0,0.0,0.0,-3.552713678800501e-15,0.0,0.0,0.0,0.0,0.0,0.0,0.0,0.0,0.0,0.0,0.0
17,17,A,C,T,C17T,0.0,-20.81923027191945,-20.81923027191945,1,0.0,0.0,0.0,0.0,0.0,0.0,0.0,-3.552713678800501e-15,0.0,0.0,0.0,0.0,0.0,0.0,0.0,0.0,0.0,0.0,0.0
18,18,A,T,G,T18G,2.568964952544537,-20.85676789943333,-18.28780294688879,1,2.684020181030533,0.1353384368566352,-2.2167122017948344,-0.0097894883504573,-0.0611112697724651,0.2355816296426152,1.9411004606783209,0.0172443100053989,0.0,0.0,0.0248192439251,-0.030287226851618,-0.0529137899248304,0.0618108505693015,0.3196431587819244,0.0,-0.353590000000004,0.1783771374483667,-0.3045664796994547
18,18,A,T,A,T18A,0.4439046595650815,-20.85676789943333,-20.412863239868244,1,1.2327398643218856,0.1477120353356973,-2.2372638319616556,-0.0098792270001524,-0.0639306431275281,0.3564229191214094,1.9730177183920503,0.0157465784405204,0.0,0.0,0.0,0.0011608415959422,0.0278862636668939,0.0184622536091509,-0.4666378901442762,0.0,0.1729300000000009,-0.5977641635149862,-0.1266980591698718
18,18,A,T,L,T18L,1.5322770361249844,-20.85676789943333,-19.32449086330834,1,-0.1850634044100019,0.2797052352891001,-1.1596828212421428,0.009071784194147,0.0898450814842108,0.205876343163613,1.8207798734963916,0.0271793745207311,0.0,0.0,0.0,-0.005320204695108,-0.0282585243649733,0.435290314770274,-0.2444128926221107,0.0,0.509719999999998,-0.0395271328643023,-0.1829259905948408
18,18,A,T,M,T18M,2.4593481295292428,-20.85676789943333,-18.397419769904083,1,-1.962072819692111,0.1988489241312585,-0.8166340962641669,0.0147894730941884,0.1743590415646743,0.2909683602381996,1.8910580439286804,0.0184225410909846,0.0,0.0,0.0,0.0199966626384661,-0.0198696359358048,2.152147769920713,-0.0355113034401277,0.0,0.5056000000000012,0.0842313559157652,-0.0569861876614918
18,18,A,T,F,T18F,0.5972944441497994,-20.85676789943333,-20.259473455283526,1,-0.9535457614480976,0.2097279647819778,-1.5491911278276973,0.0121905497513666,0.1952256154937179,0.261057886083397,1.6047841264862015,-0.0134292307649843,0.0,0.0,0.0,-0.0360631068477891,-0.0344798172607512,1.4099961286752212,-0.5211303066311201,0.0,0.0665399999999998,-0.0028904282371122,-0.0514980481045466
18,18,A,T,W,T18W,1.010704619612497,-20.85676789943333,-19.84606327982083,1,-2.2138443882382717,0.6133958849147589,-1.560690132819147,0.0108580905782272,0.3244188636390994,0.2510686352086413,1.7836422115671695,-0.0792669279071489,0.0,0.0,0.0,-0.0421333466790582,-0.0485631626122735,1.421327610264658,-0.2740334227918259,0.0,1.1092399999999998,-0.3714815205986355,0.0867662250862935
18,18,A,T,K,T18K,0.3001590670024576,-20.85676789943333,-20.556608832430868,1,0.2730910279554877,0.0561302176388807,-0.8206835037896525,-0.0006774716203369,0.1285517490596248,0.1860628501451549,1.8603487523987925,0.0176182212467459,0.0,0.0,0.0,0.0089749145705092,-0.0039793968703274,0.9459964246365048,-0.1210533903557988,0.0,-1.866330000000005,-0.2394015306440913,-0.1244897973690353
18,18,A,T,Q,T18Q,1.2547652754259246,-20.85676789943333,-19.6020026240074,1,-0.9187021482418204,0.7776509095742341,0.9924417471653726,-0.0061186264487628,0.1213111978100096,0.3341096982160367,1.164826172646272,-0.043050186424832,0.0,0.0,-1.5965652006192697,-0.035335827494945,0.0566050001824045,3.0365962186980333,-0.22992187527614,0.0,-2.602700000000006,-0.3203745617966689,0.523992757435991
18,18,A,T,E,T18E,0.4666950467936068,-20.85676789943333,-20.39007285263972,1,0.4322845306115113,0.1311053644747541,-0.67349675695705,-0.0056317548749372,0.2509800407640625,0.1832514246093843,1.98416057084566,-0.0077988956831873,0.0,0.0,0.0,-0.0159826186790046,-0.0101593714788976,2.622304151937282,-0.2382779890505133,0.0,-3.876280000000005,-0.4327542624590652,0.1229906127336253
18,18,A,T,S,T18S,0.2965189457480832,-20.85676789943333,-20.56024895368524,1,0.7196762933481295,0.0549961177621334,0.3068666275959373,-0.0094490410028516,-0.0403646758826488,0.0858007073804163,0.1122365498960533,0.0022322463019825,0.0,0.0,0.0,0.0067667596419621,0.029523967162228,0.4828121306755086,0.1848681259148599,0.0,-1.4414400000000036,-0.1816789955047149,-0.0163278675409159
18,18,A,T,P,T18P,19.197936576940563,-20.85676789943333,-1.6588313224927624,1,-2.332333047606994,3.294219762995615,-2.2403986970652596,-0.0090292641765981,0.0197563535721565,0.2288261081153653,3.649481271444394,1.0636137237990173,0.0,0.0,0.0,-0.029432238816599,0.3437571305087488,2.3361657003685714,-0.2456029685978304,0.0,-2.794960000000003,10.181209389694317,5.732663352705661
18,18,A,T,V,T18V,2.4359530466760155,-20.85676789943333,-18.42081485275731,1,-0.3172107430348347,0.6772067693532282,-1.801711327081847,0.0092213527301601,-0.0088323260851854,0.033990403358497,1.912344934645887,-0.0320940024004663,0.0,0.0,0.0,0.0014481949226713,0.0502214056411227,0.1198303771210689,-0.1833929860328651,0.0,1.4909399999999984,-0.142041779027636,0.62603277256623
18,18,A,T,I,T18I,2.048397889367525,-20.85676789943333,-18.8083700100658,1,-1.3256928050461028,0.7304273918352724,-1.0970845763415582,0.0159266893074579,0.0091615367288735,0.0349600187503504,2.0958403092983673,-0.0376535970361544,0.0,0.0,0.0,0.0090275418042018,0.0717671894617144,0.3019204066626102,-0.3098531161013349,0.0,1.1519899999999943,-0.0595348988038271,0.4571957988476605
18,18,A,T,C,T18C,2.804246012143423,-20.85676789943333,-18.052521887289902,1,-0.1529871501393103,0.3771340647961825,-1.0112795616048658,-0.0093791916342556,-0.0524852755374496,0.1959910300650422,0.8210453787216778,-0.057353318263754,0.0,0.0,0.0,-0.0401051983229365,0.0441841885314524,0.1462630326814071,0.1864179945929744,0.0,2.1030399999999965,0.0701114010650236,0.1836486171922118
18,18,A,T,Y,T18Y,0.1520144640631109,-20.85676789943333,-20.704753435370215,1,-1.0757854565812437,0.224638410131817,-1.319017450550703,0.0119973869307555,0.2042399375583565,0.2086376280510835,1.7692009270844125,-0.0142335428249964,0.0,0.0,0.0,-0.0201536189542791,-0.0488211300291616,1.3360245075764858,-0.4795183633467836,0.0006235513206561,-0.5695200000000042,-0.0168213913084809,-0.0594769309948155
18,18,A,T,H,T18H,0.7352029311087911,-20.85676789943333,-20.121564968324535,1,-0.4123774992012556,0.1337183295515469,-0.5499035468802163,-0.0071592534767933,0.4747717697412774,0.1341767935505764,1.449372823660994,-0.0387213458553326,0.0,0.0,0.0,-0.0222422408699315,-0.0195450812337163,1.294038877499382,-0.247570433099687,0.0,-1.4524000000000044,0.0495335482296681,-0.0504898105077096
18,18,A,T,R,T18R,1.6550618468727478,-20.85676789943333,-19.201706052560574,1,-0.0525399181725987,0.036394936575034,-0.4017755223130876,0.0030980217262299,0.393454168660118,0.1964111377658977,1.5855410034844226,0.0142543381762862,0.0,0.0,0.0,-0.0029788004237231,0.0106425324475569,1.7047383833475926,-0.2638591999655866,0.0,-1.246490000000005,-0.1404325389190841,-0.1813966955163124
18,18,A,T,N,T18N,1.084847163949373,-20.85676789943333,-19.771920735483953,1,-0.3732392048072768,0.3195667698359852,0.9128991340613766,-0.0065098077267124,0.1783858067708621,-0.4091623229196024,1.6639655308469088,-0.0348450892460903,0.0,0.0,0.0,-0.0250194025585025,0.0395632523160294,1.065318079460699,0.2243247889492825,0.0,-2.492010000000004,-0.011270036052144,0.0328796650185676
18,18,A,T,D,T18D,1.5295311674935768,-20.85676789943333,-19.32723673193975,1,0.4043984453198703,0.209440419262906,0.0622549407479766,-0.0088001022339203,0.5579989855386351,-0.1103654771970958,1.127837324048599,0.0113146393708305,0.0,0.0,0.0,0.0284645732712133,0.0259768977651173,2.8403994905535512,-0.0316041940797382,0.0,-3.297490000000005,-0.4432124461372417,0.1529176712628643
18,18,A,T,T,T18T,-2.8421709430404014e-14,-20.85676789943333,-20.85676789943335,1,-1.4210854715202004e-14,1.7763568394002505e-15,0.0,0.0,0.0,0.0,-7.105427357601002e-15,0.0,0.0,0.0,0.0,0.0,0.0,0.0,0.0,0.0,0.0,0.0,0.0
19,19,A,I,G,I19G,1.9115563118562733,-20.856172377850537,-18.944616065994264,1,3.765810057981639,-0.4644430890473749,-0.6679709101285454,-0.0323050724645836,-0.0756116383509635,0.3663329722399497,-0.352649506857972,-0.3021576135108894,0.0,-0.0571039302161588,0.012950564801375,0.0,0.0565561031867822,-0.1260859643460357,0.6981325931942434,0.0,-1.5055800000000057,0.9122320507833628,-0.3165503054085476
19,19,A,I,A,I19A,0.4358462473711846,-20.856172377850537,-20.420326130479353,1,2.654309072865928,-0.4585493933869369,-0.849740574713195,-0.0435819969200075,-0.0717060822372825,0.2658809819205512,-0.1103974648012666,-0.0815049963409784,0.0,-0.0210797382551577,0.0,0.0,0.0484690884378906,-0.1735459443934814,0.529965123971065,0.0,-0.979060000000004,0.0030898220122619,-0.2767016507882154
19,19,A,I,L,I19L,0.7496428862177673,-20.856172377850537,-20.10652949163277,1,1.4124111991438184,-0.4160762702990634,0.4319459136613091,-0.021334550617386,-0.0039306540288572,0.0197725246711275,-0.1901948262440598,0.0074421921984573,0.0,-0.0191694483776894,0.0,0.0,-0.0633703342430849,0.3340968983457486,0.292662971300623,0.0,-0.6422700000000034,-0.1788189619271598,-0.2135237673660395
19,19,A,I,M,I19M,0.8342261934078401,-20.856172377850537,-20.021946184442697,1,-0.5670303672229409,0.0639757801127967,0.0030758945015918,-0.0061617974110453,-0.0820736358410165,0.3182599491560101,-0.4055204845245796,-0.0764884676643902,0.0,-0.0143678392199282,0.0,0.0,0.0672047671009916,1.1009343280873125,0.5846463875906674,0.0,-0.6463900000000038,0.5098854370739954,-0.0157237583316405
19,19,A,I,F,I19F,1.953666113210044,-20.856172377850537,-18.902506264640493,1,0.7601979903408846,-0.1087591454496266,0.1808501499850763,-0.0049372783552649,0.1817220156061223,0.0892619911114556,-0.49275362828606,0.0675050278364288,0.0,-0.0417680760516097,0.0,0.0,-0.1024776642739555,2.229538671708198,0.4006309252621216,0.0,-1.0854500000000051,-0.1162400568454486,-0.0036548093782577
19,19,A,I,W,I19W,2.9034771896213414,-20.856172377850537,-17.952695188229196,1,1.2757771951931716,-0.3849062634162479,0.4872749175872712,-0.0242791621050073,0.1967082390535592,0.0321304824228745,-0.304814937235129,-0.02560273550068,0.0,-0.0347951908204748,0.0,0.0,-0.0611787530910885,1.6339070184271378,0.4184017727191507,0.0,-0.0427500000000016,-0.1129447855359657,-0.1494506080772382
19,19,A,I,K,I19K,-0.3021523503465211,-20.856172377850537,-21.15832472819706,1,1.6274452573640303,-0.3898702190930105,0.6764536126927823,-0.0225034878269558,0.04807174072047,0.0422844076747495,-0.2996193799758941,-0.0024977378486035,0.0,-0.0200946266203176,0.0,0.0,-0.0440933269835095,0.9973881272964816,0.4581814707969296,0.0,-3.018320000000003,-0.2792143080523583,-0.0757638804913387
19,19,A,I,Q,I19Q,0.528660972625925,-20.856172377850537,-20.327511405224612,1,1.6495424135737835,-0.423995742845122,0.7737346221181696,-0.0233667832805948,0.1187616559404025,0.00570849314939,-0.2068989561941947,-0.0159641561707815,0.0,-0.0251914856983885,0.0,0.0,-0.0427104212871742,2.169315938007106,0.5333964294475471,0.0,-3.7546900000000054,-0.1814958055394075,-0.0474852285948284
19,19,A,I,E,I19E,-0.2814473508282695,-20.856172377850537,-21.137619728678807,1,2.022795249046311,-0.3881018395341122,0.5269771093414022,-0.0239288717462574,0.163035380705276,-0.0154797295770485,-0.0780816439630527,0.0605920352274331,0.0,-0.0205737361441329,0.0,0.0,-0.034264327419814,2.5759199865254168,0.2773974130169856,0.0,-5.0282700000000045,-0.4044571871700828,0.0849928108634081
19,19,A,I,S,I19S,0.3692689391399106,-20.856172377850537,-20.486903438710627,1,2.2801608350027323,-0.412483956713519,0.7925187155043858,-0.0292510855612775,-0.0463711501142265,0.065145477923699,-0.8221436649204321,-0.0547265377582277,0.0,-0.0249550563418932,0.0,0.0,-0.0212335727922379,0.3974616916854714,0.8006427743796192,0.0,-2.593430000000005,0.1433252487210055,-0.1053907798752114
19,19,A,I,P,I19P,16.52277995421147,-20.856172377850537,-4.333392423639069,1,-0.47133526082564,2.3738999940529464,-0.253526074603343,-0.0313665695651071,-0.0481249499576446,0.0383019764191479,-0.1469830682654205,1.7888108554766422,0.0,-0.0309733621562902,0.0,0.0,0.1279153140740632,-0.0135686263380776,0.7354711157734262,0.0,-3.9469500000000046,9.87232465462092,6.528883955505847
19,19,A,I,V,I19V,0.1418588256205701,-20.856172377850537,-20.714313552229967,1,0.6120038780545229,0.0436099325340357,-0.5815653389509663,-0.0064237842814165,-0.0190090894362828,0.0224148073904206,-0.143362908856794,0.0086403159794095,0.0,-0.0004955255104119,0.0,0.0,-0.012048380299708,-0.1024252196780359,0.0990147154223424,0.0,0.3389500000000005,-0.0668994515336116,-0.0505451252129454
19,19,A,I,I,I19I,0.0,-20.856172377850537,-20.856172377850537,1,0.0,0.0,1.4210854715202004e-14,0.0,0.0,0.0,-7.105427357601002e-15,0.0,0.0,0.0,0.0,0.0,0.0,0.0,0.0,0.0,0.0,0.0,0.0
19,19,A,I,C,I19C,2.765593593863162,-20.856172377850537,-18.090578783987375,1,1.361529772212435,-0.3627338941529068,0.2758832646320144,-0.0274456473845531,-0.057130104100131,0.144127310183765,-0.8530214202543647,-0.039422115073723,0.0,-0.0272956653130256,0.0,0.0,-0.0535275220626965,0.2343357178238996,0.7685336122332032,0.0,0.9510499999999986,0.5290771386700914,-0.0783668535508592
19,19,A,I,Y,I19Y,1.197645541901803,-20.856172377850537,-19.658526835948734,1,0.2429150710808443,-0.1145316416001573,0.0882092638954219,-0.0022675907519549,0.2280513971084161,0.0494883449094771,-0.3065372927490486,0.1410475363777834,0.0,-0.0357128027158246,0.0,0.0,-0.1107897015266083,2.0645885776106283,0.4930505307408148,5.2935914358898106e-05,-1.7215100000000056,-0.0765537302233347,0.2581446438309918
19,19,A,I,H,I19H,0.4294138940163599,-20.856172377850537,-20.426758483834178,1,1.1882961201059032,-0.3076801783018439,0.6504890720752456,-0.024554348551582,0.3379803553728546,-0.0699372574477008,-0.7048372343841152,0.0497313404614416,0.0,-0.02847326671007,0.0,0.0,-0.0761379279221203,1.9260144192416817,0.4072939107096791,0.0,-2.604390000000002,-0.2036908302721194,-0.1106902803608953
19,19,A,I,R,I19R,0.6993949658735765,-20.856172377850537,-20.15677741197696,1,-0.3698008268144264,-0.3566418137937113,2.788063704545749,-0.0148485879221091,0.4368709426704145,-0.7527366105843143,-0.381875717472127,-0.0162920693199204,0.0,-0.0131357890953003,0.0,0.0,-0.0108811986920731,1.660672419613178,0.4662120914775716,0.0,-2.398480000000003,-0.2347437056955499,-0.1029878730438191
19,19,A,I,N,I19N,0.1039109648398124,-20.856172377850537,-20.752261413010725,1,1.650121805967487,-0.3713090614025365,0.9132104791743388,-0.0220928517398332,0.1855589200098419,-0.1689358760535162,-0.5300101587972605,0.0083756871519895,0.0,-0.0180984356942426,0.0,0.0,-0.0432754936061152,1.0768609902185489,0.9680384155590386,0.0,-3.6440000000000055,0.2261697688735697,-0.1267032248214974
19,19,A,I,D,I19D,0.1711452729280722,-20.856172377850537,-20.685027104922465,1,1.9896659985818277,-0.3483526620420676,1.201167371626667,-0.0248514682596387,0.2313750236314513,-0.0627123583842754,-0.1829588029876774,0.108044222996849,0.0,-0.0194561137362052,0.0,0.0,-0.028218339011915,1.4860787281379828,0.5175692168546764,0.0,-4.449480000000005,-0.2985003439586595,0.0517747994790553
19,19,A,I,T,I19T,0.0639945707796343,-20.856172377850537,-20.792177807070903,1,1.2306056255022495,0.001171249708566,0.5142392606810802,-0.01727412943998,-0.0084287164334657,-0.0457027020551654,-0.981476388923454,-0.035455190744944,0.0,0.0031499678147115,0.0,0.0,0.058173678599062,-0.0823364016112719,0.4507311606189159,0.0,-1.151990000000005,0.164762599281234,-0.0361754422179032
20,20,A,N,G,N20G,3.8258588714034154,-20.977146231619507,-17.15128736021609,1,5.1890520535896485,-0.3420661613720615,-2.530355815569351,-0.0059095402655849,-0.2730437022961891,0.4462663320144404,0.075921667534061,-0.0419044738597378,0.0,0.010585769623856,-0.0225824958514246,-0.0020876608592406,-0.14552362065181,-1.2328252997742195,0.3794829938097455,0.0,2.1384199999999964,0.2565309821954162,-0.0741021568641198
20,20,A,N,A,N20A,0.7674258375095135,-20.977146231619507,-20.209720394109993,1,3.109967247393982,-0.1062019710003472,-3.0130906805559476,-0.0035065400170327,-0.273066814868355,0.6603589045456291,0.0705745062893967,-0.0796100412264664,0.0,0.0201721768318767,-0.0035368669194855,-0.0211312785155064,-0.0906681909784963,-1.1807166492452623,-0.3893594697664717,0.0,2.664939999999998,-0.6097819712291894,0.0120834767711794
20,20,A,N,L,N20L,8.157068650305614,-20.977146231619507,-12.820077581313893,1,6.802864010912984,-0.2282042296816051,-3.8087901911402184,0.025752446834619,0.5627210072656723,0.3561502353108015,1.4756493368763088,-0.0638347945296011,0.0,1.8207374861323984,-0.0061903991212419,-0.0084180545776473,-0.2328819229214651,-0.350322144669839,-0.3285893475855361,0.0,3.0017299999999985,-0.3490284362550024,-0.5122763525449994
20,20,A,N,M,N20M,0.4496548547835601,-20.977146231619507,-20.527491376835947,1,-0.7520659785861881,0.30486015149806,-2.1699350670641593,0.0026028779478011,-0.2589973550921423,0.4968410935004455,0.0507460825748964,-0.0116957742213195,0.0,0.0186433893750486,0.0035819791200877,-0.0032726640622094,0.0142310059657544,0.1608718234331903,-0.2106139866737224,0.0,2.997609999999998,-0.1977591800050859,0.0040064570731246
20,20,A,N,F,N20F,0.4609777912465773,-20.977146231619507,-20.51616844037293,1,-2.129552726097387,0.5178802531012714,-3.532357908637124,0.0561528491055572,-0.0266258924521318,0.5390334566102659,0.6508131196490154,-0.1326875579483584,0.0,0.019933553225325,-0.000926112594884,-0.0124640627079267,-0.0493656326951146,1.98221986995517,0.2115928625567131,0.0,2.5585499999999968,-0.2155586785929273,0.0243403987691266
20,20,A,N,W,N20W,10.734626438500744,-20.977146231619507,-10.24251979311876,1,5.026354875172174,-0.4538500290151983,-3.3299206435525406,0.0329150368602039,0.9890638344936162,0.3030698780948562,1.119506258833752,-0.058693755296808,0.0,1.8207374861323984,0.0027713817762893,-0.0350027463659149,-0.2075690732979651,2.4703167553667456,0.0739667346723325,0.0,3.6012499999999967,-0.3158710325200005,-0.3044185228531866
20,20,A,N,K,N20K,1.006833081303128,-20.977146231619507,-19.97031315031638,1,-0.4937637786825064,0.508394477120536,-0.3990224876682759,0.0015004888810124,-0.0996281879610609,0.1184310849812257,0.3675893098999481,-0.0250756098342428,0.0,0.0219503603953272,-0.0018262230411463,-0.0182639551791691,-0.0065102879894829,0.8287612339331751,-0.0722404477398119,0.0,0.6256799999999991,-0.5085363619615304,0.1593934661491403
20,20,A,N,Q,N20Q,0.9832204487893534,-20.977146231619507,-19.993925782830154,1,0.6985294241643913,0.0803427856837935,-0.6829949402603575,-0.0011263096917445,-0.0817763326502971,-0.0249852774758432,0.0552916908066478,-0.0709090701449994,0.0,0.0473303347463112,0.0142154680942621,-0.0118204216290876,0.084334122227669,1.5306408016737976,-0.2504954055631623,0.0,-0.1106900000000017,-0.3533530951130377,0.0606866739210261
20,20,A,N,E,N20E,0.224644901677621,-20.977146231619507,-20.75250132994189,1,0.5232728502209198,0.0941030463852214,-0.0534227325080962,-0.002345460108628,-0.0375941726843613,0.0876392276914987,-0.1246691197835971,-0.0975159402195267,0.0,0.0045406764575695,0.0047300858882195,-0.0088272981014013,0.0052982489426387,1.9026042718258085,-0.3601003198665133,0.0,-1.3842700000000008,-0.6077250663603575,0.2789266038982454
20,20,A,N,S,N20S,1.7639903448002985,-20.977146231619507,-19.21315588681921,1,2.5067727241272593,-0.1504650535046803,0.0233476335391884,-0.0050160126248325,-0.2482192505249658,0.3798932864244513,-1.1957818790366304,-0.0795061550435001,0.0,0.0648139090236386,-0.0029874102860829,-0.0140649893706457,-0.0949119069002319,-0.4035069259417909,0.1810306785359332,0.0,1.0505700000000004,-0.2794620594103296,0.031483755793527
20,20,A,N,P,N20P,25.85128955285861,-20.977146231619507,4.874143321239103,1,-0.8608869601128077,7.1011435835264205,-2.8764653930551134,0.0009106344659967,-0.2378757533753708,1.1295942546407691,2.0248537797131334,1.105841124365723,0.0,0.1518277832633572,0.0380949307123392,-0.0167144254472731,0.519704047928508,-0.8186753358113279,-0.414881641807272,0.0,-0.3029500000000027,10.201410123266871,9.10635880058468
20,20,A,N,V,N20V,2.7728061478361994,-20.977146231619507,-18.204340083783308,1,-1.196543438311437,1.646553209518251,-3.7900738742612248,0.0171260419728106,-0.2388721070394783,0.7035569539894313,0.2946036686160482,-0.0547795909906767,0.0,0.0259756375793678,0.0480870726554547,0.0407637540006745,0.1664763201079764,-0.66129203210496,0.3342147061537814,0.0,3.9829499999999953,-0.0586566954521128,1.512716521402309
20,20,A,N,I,N20I,0.3749774531961627,-20.977146231619507,-20.602168778423344,1,-1.4073514013927166,0.9595415212931612,-2.5238929034467787,0.0328302477192761,-0.1913334770475794,0.6709746858982886,0.3767381134502585,-0.2746602505022189,0.0,0.0459907957108898,0.0006732357513898,-0.0225310363090736,-0.1316627758086115,-0.9001055718019231,-0.1735021215099916,0.0,3.6439999999999984,-0.1310202906458784,0.4002886818376954
20,20,A,N,C,N20C,1.7154994403884665,-20.977146231619507,-19.26164679123104,1,0.7464389097537207,0.0323607367069644,-2.2777190254447106,-0.0033408779738513,-0.2609314932684414,0.5675370375273951,-0.883651029164696,-0.0063525635816752,0.0,-0.0163234850754134,-0.0093495698600059,-0.0176085471715403,0.0290605532442644,-0.8715777840531622,0.2427307403297955,0.0,4.595049999999997,-0.1804983290821891,0.0296741675020104
20,20,A,N,Y,N20Y,-0.2064124241269027,-20.977146231619507,-21.18355865574641,1,-2.2514068369366385,0.5375987683442656,-3.296168486420882,0.0555753069682753,-0.0157048385752718,0.4567301839660755,0.5031803071548282,-0.1586552136231347,0.0,0.043114523182238,0.0001366979371835,-0.0129622993331554,-0.0692490026968448,2.0560741627261514,0.2714566568345697,0.0010288643884418,1.9224899999999965,-0.2805077757204621,0.0308565576774721
20,20,A,N,H,N20H,0.7871429322650982,-20.977146231619507,-20.19000329935441,1,-1.3185385677471544,0.1645694320792525,-0.8099557121206686,0.0008319430889036,0.0766744297204802,0.2539382807846193,0.6681696349641015,-0.0812369441021587,0.0,-0.0183790965738017,-0.0099794206544412,-0.0185780094147774,-0.0217301609341133,1.0844485690447243,0.0624699001066066,0.0,1.0396099999999997,-0.2826286437427328,-0.0025427022337076
20,20,A,N,R,N20R,0.6315900713657108,-20.977146231619507,-20.345556160253796,1,-1.600909060688565,0.3421007201778732,-0.0209232763125726,0.010946215141257,0.2125451414593824,-0.1178419667148915,0.0561966706060488,-0.0010238172679208,0.0,0.0051470904566786,0.0025192304460872,-0.0198793957798175,-0.0171442632594933,1.1078332665804569,-0.207867491895741,0.0,1.2455199999999955,-0.3653262438319391,-0.0003027477511263
20,20,A,N,N,N20N,0.0,-20.977146231619507,-20.977146231619507,1,0.0,1.7763568394002505e-15,1.4210854715202004e-14,0.0,0.0,0.0,0.0,0.0,0.0,0.0,0.0,0.0,0.0,0.0,0.0,0.0,0.0,0.0,0.0
20,20,A,N,D,N20D,1.1247582593442402,-20.977146231619507,-19.852387972275267,1,1.0328001923958254,-0.0873585008288007,1.326278594713358,-0.0028574628701191,0.0372992370023848,0.1529776566466489,-0.2335018395560482,-0.0940307105149642,0.0,-0.0099920030422104,-0.0003381876895729,-0.0121972849927753,-0.0868693915127813,0.2000242924761011,-0.012027826718358,0.0,-0.8054800000000029,-0.3518997114317557,0.0719312052673384
20,20,A,N,T,N20T,3.5452905634980354,-20.977146231619507,-17.43185566812147,1,1.6814024991569738,0.1786683317547339,-1.0518526494195155,-0.0012936379325989,-0.2196404316545726,0.4075101231774072,0.5987857336886222,0.0111550416661678,0.0,0.036503832082178,0.0131912285249795,-0.0119151081853614,0.3919617345316102,-1.2416859133878797,-0.0039072439873675,0.0,2.492009999999997,-0.174704454951307,0.4391014784340008
21,21,A,K,G,K21G,8.150312660035851,-20.80740083252349,-12.65708817248764,1,5.857048391244092,-0.3644497717013557,-5.7522191316498805,-0.0058066391725785,-0.1162098793757424,0.0712182172967867,6.23167030952942,0.0748216155506931,0.0,-0.0437203021111205,1.5064131207827929,0.0518563989431519,-0.1593722684368711,-0.9914587450435236,0.4513631868883516,0.0,1.5127399999999973,0.5496539091617212,-0.7232357518700763
21,21,A,K,A,K21A,5.3059007933202444,-20.80740083252349,-15.501500039203249,1,3.7852780915191886,-0.1046101175162572,-6.717909871568452,-0.0012458066119258,-0.0501859855589863,0.1784068481772696,6.363017530053725,0.1282679112751665,0.0,-0.07206879598629,1.5064131207827929,0.0531622450834471,0.0266570263976997,-1.0035894010308866,-0.1899941663887578,0.0,2.0392599999999987,-0.3898798620221555,-0.2450779732853139
21,21,A,K,L,K21L,4.981834537007149,-20.80740083252349,-15.825566295516342,1,0.9809273232624208,0.3250945697987255,-4.554023264318857,0.0092817581045568,-0.0027463267105209,-0.4427123254492464,6.000939051004664,-0.0332489620100915,0.0,-0.0256993004396344,1.5064131207827929,-0.0685004366521712,-0.0676383475771,-0.719170601310104,-0.1087645506335213,0.0,2.3760499999999993,0.2614652456752449,-0.4558324165200051
21,21,A,K,M,K21M,4.775879052353453,-20.80740083252349,-16.03152178017004,1,-1.2408820423454756,0.2561917414094345,-4.237156950537923,-0.0014020361234152,-0.0557515947468223,-0.143007359680106,5.518360824636325,-0.060594832822268,0.0,0.0252900366310351,1.5064131207827929,-0.0596279968146994,0.0483766633625732,0.9137636830241505,0.076804564275944,0.0,2.371929999999999,0.2187188065995489,-0.3615475752976476
21,21,A,K,F,K21F,6.4041065987563375,-20.80740083252349,-14.403294233767154,1,-1.1165305544332398,0.7197223887077264,-4.163325458857898,0.0194018826777364,0.0892384297254516,-0.5151994523354642,6.028969076323229,0.1790743318388159,0.0,-0.1014533329187727,1.5064131207827929,0.0446931982224393,-0.0948562004591524,1.4994208266928517,0.0528235125321769,0.0,1.9328699999999976,0.0929544636129016,0.22989036664476
21,21,A,K,W,K21W,6.917959698390407,-20.80740083252349,-13.889441134133085,1,-4.253560808115026,0.7691099398875014,-2.416562094006082,0.0215403243665094,0.2519053253587104,-0.1960767956583806,5.166032906081,0.1015363802842692,0.0,-0.0740894960413847,1.5064131207827929,-0.0338791522539432,0.1088399648385751,2.688478583704537,-0.0661630667557173,0.0,2.9755699999999976,-0.0486618381420171,0.417526404059064
21,21,A,K,K,K21K,0.0,-20.80740083252349,-20.80740083252349,1,0.0,0.0,0.0,0.0,0.0,0.0,0.0,0.0,0.0,0.0,0.0,0.0,0.0,0.0,0.0,0.0,0.0,0.0,0.0
21,21,A,K,Q,K21Q,5.242938767121968,-20.80740083252349,-15.564462065401525,1,0.6436918172882997,-0.0029860619477997,-1.7497225682932085,0.0006196932055534,0.0947786899048885,-0.4615513558635546,5.071096538762738,-0.019611624744968,0.0,0.0017412596383321,1.5064131207827929,-0.0368873672439227,-0.0482520536005997,1.378349595025412,-0.0981403635930617,0.0,-0.7363700000000044,0.077853988797095,-0.3780845409960491
21,21,A,K,E,K21E,7.309688269956556,-20.80740083252349,-13.497712562566935,1,2.4414410734379857,-0.2083514894891873,-2.2072471926725825,-1.3925361708300166e-05,0.1806381958528096,-0.4661545427148033,7.281762469186333,-0.0035869729458291,0.0,-0.0208953190816334,1.5064131207827929,-0.0100627695163528,-0.128299416121751,1.651384789700046,-0.1792849802711349,0.0,-2.0099500000000035,-0.1543817442135964,-0.3637230266148368
21,21,A,K,S,K21S,5.735415798464924,-20.80740083252349,-15.071985034058567,1,3.716026942411091,-0.3317139344489348,-3.2550734895569065,-0.0030916306463612,-0.0627993832264772,-0.0322049776544881,4.7522924298269515,0.0898480455337953,0.0,-0.0683664004568447,1.5064131207827929,0.0472491741395046,-0.1221512269029951,0.3208346642399888,-0.302163658513372,0.0,0.4248899999999977,-0.314420385704107,-0.6301534913587101
21,21,A,K,P,K21P,25.378531397914923,-20.80740083252349,4.571130565391432,1,1.8789917674392456,1.389846873423929,-5.739271897303027,0.0060813321203094,-0.088260469473945,0.1822120039567529,10.457956342758418,1.1701909619413389,0.0,0.022090560836304,1.5064131207827929,0.0002081935723863,0.4609135117917418,-0.1838880770506108,0.0788575868160623,0.0,-0.9286300000000018,10.108905494172252,5.055914092130971
21,21,A,K,V,K21V,6.385897298620966,-20.80740083252349,-14.421503533902523,1,1.113793197532431,0.4232270759958343,-6.692596202022031,0.0114348469705009,-0.0516338130760747,0.0458420792815941,6.198379187381931,-0.1119075351392098,0.0,0.0614326517723675,1.5064131207827929,-0.0030591381865107,0.0841110812835541,-0.7958207715648946,0.5974731972770907,0.0,3.357269999999996,0.5231910190751989,0.1183473012564135
21,21,A,K,I,K21I,6.2531739800037265,-20.80740083252349,-14.554226852519763,1,-0.2203245304790186,0.5983860715289051,-5.4634176577335865,0.0192972694484533,0.0064034926799561,0.0123324918485892,6.17958813088439,-0.1216086299620009,0.0,0.0309311919547168,1.5064131207827929,-0.0275492509845124,0.0210248726934745,-0.7096144518538665,0.7006301408571041,0.0,3.0183199999999992,0.4872526305479745,0.2151090877903545
21,21,A,K,C,K21C,6.591405006393838,-20.80740083252349,-14.215995826129651,1,1.5279134116446471,0.0463427192251408,-5.768880120940835,-0.0017289263856994,-0.0738101063205229,0.242756549884505,5.709061996884365,-0.0580726088198275,0.0,0.0275444735241485,1.5064131207827929,0.0230000844775735,-0.0176091611864759,-0.1792494215522246,0.1805957849355688,0.0,3.969369999999998,-0.1626826804294676,-0.3795601093298391
21,21,A,K,Y,K21Y,6.168890848709109,-20.80740083252349,-14.638509983814382,1,-1.4281307017672304,0.6397300788316649,-2.0832459684470024,0.0147718926875461,0.0922423077892933,-0.290287022072178,4.02492644239323,0.227990405185098,0.0,-0.1110662636277952,0.2737298390128739,0.0404820688068375,-0.0606968231523912,2.799226152365801,0.0490641861750849,0.0078119089050485,1.2968099999999971,0.0765292126256813,0.5990031329975594
21,21,A,K,H,K21H,6.405601698673543,-20.80740083252349,-14.401799133849948,1,-1.771627673703961,0.8423171975307984,-0.9699831718293552,0.0103968300199096,0.3242381472266995,-0.2137356327423152,5.046299305936941,0.0853357127334675,0.0,-0.1105338051840565,1.2335445584367344,0.042811356194722,-0.2174348495373611,1.6628638584205149,-0.0697959697354027,0.0,0.4139300000000006,0.0616925889219395,0.0352832459842797
21,21,A,K,R,K21R,3.2697505489280907,-20.80740083252349,-17.5376502835954,1,-0.7599857228459683,0.0780209893374976,1.0812305541735157,0.0107741653057565,0.2767795691467976,-0.445122921864896,1.4693124858042736,-0.0409946460210264,0.0,0.010097927849336,0.3761371379681122,-0.0488150497316055,-0.0298738700171847,0.9365417199288012,-0.0857051997035189,0.0,0.61984,-0.0268174686866142,-0.1516691217151677
21,21,A,K,N,K21N,5.540682089037711,-20.80740083252349,-15.26671874348578,1,1.6098109831127658,-0.2433674144392767,-2.0532780305801595,0.0001235825490049,0.1818274703778968,-0.8773940749112041,6.143515922464481,0.0892119528684318,0.0,-0.0833509241308281,1.5064131207827929,0.0084355186119494,-0.1341516685523566,0.1963303162909611,0.0498158868180991,0.0,-0.6256800000000027,0.2676099076891329,-0.4951904599139887
21,21,A,K,D,K21D,7.599352515687917,-20.80740083252349,-13.208048316835574,1,2.3526325649115165,-0.2046913183153993,-1.0942287285168677,-0.0008919623016828,0.221224200954718,-0.8344464408904537,6.6733647174783215,0.0935517634376239,0.0,-0.0897335308642564,1.5064131207827929,0.0127981988325929,-0.1232006737111597,0.4674931525180987,0.0116359462891815,0.0,-1.431160000000002,0.0071458745169561,0.0314456305659405
21,21,A,K,T,K21T,7.000172832447179,-20.80740083252349,-13.807228000076313,1,2.25294941390743,0.0873672249718922,-2.551609865494541,-0.0025551280446916,-0.0506680414729396,-0.1529374802259839,5.021841428059801,0.0852413776846887,0.0,-0.7717136463122287,1.5064131207827929,-0.0045332301010685,-0.1235510032143234,-0.9837278507948924,-0.035828922423676,0.0,1.8663299999999976,0.1513641573985555,0.7057912777263873
22,22,A,F,G,F22G,1.4185887734893718,-20.865077958725475,-19.446489185236103,1,3.127686179425041,-0.6417072083607813,-0.4713679086335531,-0.0223426846005452,-0.2758871876719877,-0.0510775288630664,0.180055754281291,0.0392232170306492,0.0,0.0,-0.0317837259219977,0.0,-0.1718604416020586,-1.650707075537813,1.0457373246305857,0.0,-0.4201300000000039,0.8863787028217747,-0.123628643508189
22,22,A,F,A,F22A,-0.0140300582672061,-20.865077958725475,-20.87910801699268,1,2.088456723342702,-0.6181476067439,-0.4727991494892478,-0.0199249773348894,-0.2752724786048972,0.1593448215915369,0.1804779239345819,-0.0278164171709178,0.0,0.0,-0.0286741682269193,0.0,-0.1805083614024254,-1.6465351613663337,0.4322011224448248,0.0,0.1063899999999975,0.350108876051058,-0.061331205292415
22,22,A,F,L,F22L,-1.6588726398552076,-20.865077958725475,-22.523950598580683,1,0.2856986553731673,-0.45079783068336,0.3235692446783957,0.0033979069523605,-0.1875666287695683,-0.0755999250452168,-0.0382334087694644,-0.1090845561562687,0.0,0.0,-0.019556642218242,0.0,-0.1585098765851358,-1.5848924521247518,-0.1001082526247407,0.0,0.4431799999999981,0.0501447663034788,-0.0405136401858605
22,22,A,F,M,F22M,0.1027929217972776,-20.865077958725475,-20.7622850369282,1,-0.6315105540522126,-0.1774975420136506,0.1787884801077695,-0.0152983072646726,-0.2083626632040118,0.2869218391413266,-0.0596484584291729,0.0048429704133248,0.0,0.0,-0.0282929715743402,0.0,-0.1626038124537292,-0.0225472370180277,0.2719445333013719,0.0,0.4390599999999978,0.3143605227574308,-0.0873638779141448
22,22,A,F,F,F22F,0.0,-20.865077958725475,-20.865077958725475,1,0.0,0.0,0.0,0.0,0.0,8.881784197001252e-16,7.105427357601002e-15,0.0,0.0,0.0,0.0,0.0,0.0,0.0,0.0,0.0,0.0,0.0,0.0
22,22,A,F,W,F22W,0.3583707871946551,-20.865077958725475,-20.50670717153082,1,-1.908996278679865,-0.2338998829074174,0.4075573364262794,0.0033009598585306,0.0496292248649732,-0.1356692476999059,0.2837272356632994,0.0561317540480992,0.0,0.0,-0.0197457479304632,0.0,-0.1628569991453956,0.5631929654857686,0.1282628599493065,0.0,1.0427,0.4255176388632691,-0.1404810316018281
22,22,A,F,K,F22K,-2.4476659915376935,-20.865077958725475,-23.31274395026317,1,0.279848097507795,-0.5107570316875982,1.5387088140939935,-0.0145606604531084,-0.1417440070428091,-0.2779989474795297,-0.3234776866999524,-0.1100237563437716,0.0,0.0,-0.0130122550787203,0.0,-0.1461505008695507,-0.588589720269237,-0.0618125650309486,0.0,-1.9328700000000012,-0.0118363573906652,-0.1333894147936103
22,22,A,F,Q,F22Q,-2.2344676472510407,-20.865077958725475,-23.099545605976516,1,-0.1360411265793146,-0.3715508031413357,2.118079027387481,-0.0153438999283285,-0.0167577405122631,0.2617910572509023,-1.4551974257848883,-0.1111017182404872,0.0,-1.0490410005316786,-0.0194544964592255,0.0,-0.1696776096812087,1.422605353418234,-0.0402993441442511,0.0,-2.669240000000002,0.1351867911194091,-0.1184247114240797
22,22,A,F,E,F22E,-1.1317392683569416,-20.865077958725475,-21.996817227082417,1,1.6423270008579038,-0.570221037970871,0.8526464302165664,-0.0171066217201749,-0.0302806828526405,-0.1710218732634629,0.6054949399294998,-0.1379075763441761,0.0,0.0,-0.0056767468081215,0.0,-0.1327915656749607,0.7878486403352873,0.0007842553874461,0.0,-3.942820000000003,0.0495249546445837,-0.0625393850938298
22,22,A,F,S,F22S,-1.3178542942197176,-20.865077958725475,-22.182932252945193,1,1.4670383194633416,-0.5491881812371648,1.926775016481045,-0.021306714986604,-0.2260522757875165,0.0127939048751821,-1.2346264634681532,0.1491434957236457,0.0,0.0,-0.0115777223422381,0.0,-0.14037179525812,-1.3425407710854564,0.1070638875655587,0.0,-1.5079800000000034,-0.0352953162244915,0.088270322061259
22,22,A,F,P,F22P,16.111624629505265,-20.865077958725475,-4.753453329220211,1,0.0240342274377951,2.1757363028042764,0.0925812938119037,-0.0138167726594606,-0.2467269801780314,0.2164618550182577,1.5854359162694038,1.0398540431437129,0.0,0.0,-0.1250775705833544,0.0,-0.015311405664826,-0.7732688426163961,0.3674092702192333,0.0,-2.861500000000003,10.748895593933714,3.8969176985690304
22,22,A,F,V,F22V,-0.1311373337073114,-20.865077958725475,-20.996215292432787,1,0.207969904401807,0.0707303908492615,-0.4641723499109815,-0.0071163116862321,-0.2341708127488795,-0.0177112149032669,0.0468828158659704,0.056518167865736,0.0,0.0,0.0005302119342391,0.0,-0.0883986587509892,-1.551648225160335,0.0618803381852461,0.0,1.4243999999999986,0.1702293289030514,0.1929390814480864
22,22,A,F,I,F22I,0.273983253037418,-20.865077958725475,-20.591094705688057,1,-0.6554589155526429,0.1189002167063932,0.5832299786764281,0.0019166271550556,-0.184797085275238,0.0913047279584668,-0.0311344286358163,0.1695457167555609,0.0,0.0,0.0013948664871394,0.0,-0.0461885681939373,-1.5027538398564388,0.1513246789950277,0.0,1.085449999999998,0.2228006297087272,0.2684486481086647
22,22,A,F,C,F22C,1.0527948406198782,-20.865077958725475,-19.812283118105597,1,0.2360422655214193,-0.0767253344712859,0.0537025145020066,-0.0200042937921895,-0.2417134410208592,0.1787011406745433,-0.7419621027631393,0.2629788933397119,0.0,0.0,-0.0147201906199443,0.0,-0.1107375944271686,-0.7451647368925194,0.129243599985378,0.0,2.0364999999999966,-0.0137840352604872,0.1204381558444005
22,22,A,F,Y,F22Y,-0.8128105254225169,-20.865077958725475,-21.677888484147992,1,-0.0390167121567088,-0.0517813369373989,0.0757457964368484,-0.0004431876780506,-0.0014454475256222,-0.0282977443847682,-0.0263951614476525,-0.0588369803688202,0.0,0.0,-0.0163001542536946,0.0,-0.0433596693623326,0.084547265077564,-0.0645493002835602,9.690250423192298e-05,-0.6360600000000005,-0.001042506281033,-0.0056722887615183
22,22,A,F,H,F22H,-1.7560985069910409,-20.865077958725475,-22.621176465716516,1,-0.0541977853708459,-0.4595408465344182,1.959461224218629,-0.0194518831608408,0.1195278318213812,0.1162981305619297,-1.6318120877954885,0.0534745311716768,0.0,-0.8732617806004903,-0.0080878694026074,0.0,-0.017139643582176,0.70019339461005,-0.184246535081431,0.0,-1.5189400000000006,0.1133778963234899,-0.0517530841698992
22,22,A,F,R,F22R,-1.962125088283724,-20.865077958725475,-22.8272030470092,1,-0.4980530745177134,-0.4967497980673734,1.7034768463763754,-0.0113400511652643,-0.071349634754573,-0.2654930723097379,-0.7586008256146783,-0.0275049003091147,0.0,0.0,0.0032145496076678,0.0,-0.1876660674745827,-0.0606628888008273,0.0167766878271586,0.0,-1.3130300000000013,0.0587878694891905,-0.0539307285702559
22,22,A,F,N,F22N,-1.794016455173601,-20.865077958725475,-22.659094413899076,1,0.7493583216152899,-0.52783585404128,2.0415081203366583,-0.0184930848762214,0.0137435613300329,-0.0581238491736622,-1.2207265883384153,0.0307471467081903,0.0,-0.7667914861054861,-0.0091249232755787,0.0,-0.0215520204918402,0.1472028317008202,0.0667021011099762,0.0,-2.558550000000004,0.2618355453400589,0.0760837229878408
22,22,A,F,D,F22D,-0.3732108921301424,-20.865077958725475,-21.238288850855614,1,1.887845578908724,-0.6026420629414488,1.566751225363575,-0.0194901989011739,0.0113234419886616,-0.4683337095590207,1.0346589730423543,-0.0957127011965148,0.0,0.0,-0.0231107884395704,0.0,-0.106875653600799,-0.0301112780964984,-0.0446823979276291,0.0,-3.364030000000003,-0.1481513582428348,0.0293500374720245
22,22,A,F,T,F22T,-2.0390739834707112,-20.865077958725475,-22.904151942196187,1,0.5374463451027509,-0.3338745272917069,1.7440170668965609,-0.014628306519292,-0.2111759625303815,-0.0346306640279374,-1.4374429715994168,0.0296043138573374,0.0,0.0,-0.0025946891136452,0.0,-0.0543632081775871,-1.5738135458818476,-0.4184968505285482,0.0,-0.0665399999999998,-0.1713050244620024,-0.0312759591950086
23,23,A,I,G,I23G,8.249832756535165,-20.871072800322843,-12.621240043787678,1,7.855144011619075,-1.3046838138974106,0.1928306627041394,-0.0396715786963814,-0.0763108097959577,0.091698248941479,0.7865303342971686,-0.0282399480112189,0.0,-0.0035548227699724,0.0,0.0,0.0485005759709336,-0.1824646111219863,1.1684919324650915,0.0,-1.505580000000002,1.452767801290019,-0.2056252264598157
23,23,A,I,A,I23A,3.944333957380465,-20.871072800322843,-16.926738842942378,1,5.041796172367384,-1.032743601373987,-0.1498402520484063,-0.0386144373766405,-0.0727124968493448,0.014602215636466,0.6601225594022395,-0.2495011989645732,0.0,-0.0030651742552105,0.0,0.0,0.1823799546509812,-0.1826683199249679,0.7066931144790695,0.0,-0.9790600000000004,0.1534810410989742,-0.1065356194614928
23,23,A,I,L,I23L,1.8979539733234103,-20.871072800322843,-18.973118826999432,1,1.6404458181442578,-0.7928177016951565,0.7619876288407426,-0.0187794467456045,-0.0193953908179462,-0.1579497093580988,0.4627771755408076,0.0004191118541143,0.0,0.0030990116422984,0.0,0.0,0.1761454830403279,0.1867655010296225,0.2931292837963775,0.0,-0.6422699999999999,0.2196072723135973,-0.2152100642619281
23,23,A,I,M,I23M,3.6558009189149914,-20.871072800322843,-17.21527188140785,1,1.616567390833751,-0.6378248477637118,1.1988428092421517,-0.0322584695269647,-0.0355771255633339,-0.0031093306856728,0.2085087192985355,-0.0783072437467709,0.0,0.0035795507974638,0.0,0.0,-0.026865212725317,1.6761400557457795,0.6276780057828896,0.0,-0.6463900000000002,0.0236628154777776,-0.2388461982515828
23,23,A,I,F,I23F,6.112742905625467,-20.871072800322843,-14.758329894697376,1,2.7697706157675412,0.0105290094960519,1.0666418174122183,-0.0161370739082627,-0.0643372149492478,0.1087192900621305,0.8124419272874235,-0.1980667357771608,0.0,0.3185102533005226,0.0,0.0,-0.1307904773674604,1.4976102753542797,0.6134616162475099,0.0,-1.0854500000000016,0.3558723909633752,0.053967211736575
23,23,A,I,W,I23W,4.03088241494719,-20.871072800322843,-16.840190385375653,1,0.6550842162158688,-0.6342090962511335,0.6699434275444531,-0.007580834128693,0.21701357710098,-0.2878995279475305,0.717083121046862,-0.1260695559432108,0.0,0.0064835306087944,0.0,0.0,0.2075306741242817,2.329822786415278,0.3843756854738553,0.0,-0.0427500000000016,0.1917915402074861,-0.2497371295200974
23,23,A,I,K,I23K,2.971257768344671,-20.871072800322843,-17.89981503197817,1,2.9050896243955577,-0.8284419755637398,2.53221514612639,-0.0300112078658131,0.1185493293978856,-0.2433650665921751,-0.0817250960926401,-0.187149560543169,0.0,0.0282769199222414,0.0,0.0,-0.0057482288366976,1.5121619914359492,0.539261029106902,0.0,-3.0183199999999992,0.1824333582866408,-0.4519684948326592
23,23,A,I,Q,I23Q,2.126430556028872,-20.871072800322843,-18.74464224429397,1,1.9802924435232685,-0.784867996907554,2.853591019601538,-0.0321772551809701,0.0870898631258239,-0.5774609179240278,-0.2229363634473173,-0.1419222922486831,0.0,0.0010107352790216,0.0,0.0,-0.0016014290416173,2.205272329471171,0.5522996296871074,0.0,-3.754690000000002,0.2204032361427579,-0.2578724460516426
23,23,A,I,E,I23E,3.7313863898603823,-20.871072800322843,-17.13968641046246,1,3.5653983893137706,-1.0713723829585575,3.4483957586175222,-0.0350756582426786,0.1775883532654338,-0.4262775457170447,0.9994912405436692,-0.2111928480796017,0.0,0.028158183267898,0.0,0.0,-0.1122004129307538,2.0616559819173723,0.525776210710837,0.0,-5.028270000000001,0.1022356531411148,-0.2929245329885805
23,23,A,I,S,I23S,3.818293416697607,-20.871072800322843,-17.052779383625236,1,4.836429584143261,-1.1679676633635037,2.773201044003798,-0.0380702882325662,-0.0230697837359992,-0.0932524174760924,-0.418287425752581,-0.2231414781768315,0.0,0.0055166167525895,0.0,0.0,0.0060578431596991,0.06463626065403,0.7064942813465118,0.0,-2.5934300000000015,0.1924642912241747,-0.2092874478488511
23,23,A,I,P,I23P,19.224801323949524,-20.871072800322843,-1.6462714763733182,1,6.0543804359361815,0.9595802403597736,-0.2260563433868867,-0.0342949958464518,0.0210270338761935,0.200898193299543,1.1638152159364452,0.7430618429280695,0.0,-0.0068156648846002,0.0,0.0,0.376870278907812,0.5246815058768846,-0.5939150650970944,0.0,-3.946950000000001,10.444879524880683,3.5436391211629807
23,23,A,I,V,I23V,0.7952338320591856,-20.871072800322843,-20.075838968263657,1,2.024512398932586,-0.4536466841252373,-0.3047402111072159,-0.0251685872530532,-0.0324894551694869,-0.0062241544731831,-0.1063706732013543,-0.0792620445423288,0.0,0.0015689309959254,0.0,0.0,-0.0813629379839806,-0.2268765405982513,0.0576536356854429,0.0,0.3389500000000005,0.0306748963517868,-0.341984741452455
23,23,A,I,I,I23I,0.0,-20.871072800322843,-20.871072800322843,1,0.0,0.0,0.0,0.0,0.0,0.0,0.0,0.0,0.0,0.0,0.0,0.0,0.0,0.0,0.0,0.0,0.0,0.0,0.0
23,23,A,I,C,I23C,3.1091217261661512,-20.871072800322843,-17.76195107415669,1,2.3065102454030466,-0.7939865754737436,1.090113428597931,-0.0365644463466794,-0.0425546092671904,0.156533703131779,-0.6523064395783891,-0.2298976959750227,0.0,-0.0012978310966955,0.0,0.0,0.083807728939768,-0.0155447826606618,0.4952907179738999,0.0,0.9510499999999986,-0.0169238844308114,-0.1851078330510667
23,23,A,I,Y,I23Y,5.355637974194707,-20.871072800322843,-15.515434826128136,1,2.792401623376108,0.0831407979715379,1.114658839395247,-0.0170567639686167,-0.0255542129325458,0.0435660835194973,0.6832268156912917,-0.2529749587611576,0.0,0.3231719689447487,0.0,0.0,-0.1516489099847624,1.399349172416276,0.6187107611786237,0.0014101876672734,-1.721510000000002,0.3947477386303664,0.0699988310508192
23,23,A,I,H,I23H,1.057115504406525,-20.871072800322843,-19.813957295916317,1,0.8456551288162615,-0.9263805487470728,3.812375073615016,-0.035921586342162,0.1982654305601823,0.249643152837578,-1.3491828497145306,-0.1917492932078914,0.0,-1.1771284502406694,0.0,0.0,-0.0560438890137249,1.262680403107851,0.4505683474998043,0.0,-2.6043899999999987,0.115525405263666,0.4631991799722215
23,23,A,I,R,I23R,2.5847594199040067,-20.871072800322843,-18.286313380418836,1,0.8308804284495892,-0.9437747907088064,3.3350562180314824,-0.0268576878571218,0.2471831638029096,-0.5554927941840857,0.0865133300170555,-0.0362996977812777,0.0,0.0050502076867298,0.0,0.0,0.0919294970932571,1.8339917667364103,0.356533023051649,0.0,-2.398480000000003,0.0255748388643954,-0.2670480832981479
23,23,A,I,N,I23N,3.9747575506984703,-20.871072800322843,-16.896315249624372,1,2.201938057365652,-0.9047798087440082,3.5366929753748906,-0.0344537055693191,0.1809082831335988,-0.2418428501172504,0.5241489501620009,-0.066439647910478,0.0,0.0039323064368588,0.0,0.0,0.0685555933496659,1.758602740715233,0.4835453763846603,0.0,-3.644000000000002,0.2382620056441258,-0.1303127255271299
23,23,A,I,D,I23D,4.833358531817872,-20.871072800322843,-16.03771426850497,1,4.129850009123913,-1.11271654621663,3.391943905854035,-0.0373393250414065,0.1769542382711426,-0.2108728634364638,0.8912299496250995,-0.3695694269188685,0.0,0.0076431209302878,0.0,0.0,0.0121596945395436,1.860380888799121,0.4343088416889047,0.0,-4.449480000000001,0.3122767995372602,-0.2034107549380603
23,23,A,I,T,I23T,2.002896234907446,-20.871072800322843,-18.868176565415396,1,2.510562218152373,-0.7897108628419502,2.189128533257076,-0.0316241644993396,-0.0278686819346001,-0.2269412204937229,-0.6706555780696064,-0.1220027590567411,0.0,0.0003827299644001,0.0,0.0,-0.0912264168257843,-0.233035480896703,0.5664748746055415,0.0,-1.1519900000000014,0.1516749256973621,-0.070271882150843
24,24,A,P,G,P24G,3.8280879667693704,-20.95915829297263,-17.13107032620326,1,1.2551189956650433,-0.7500499136104928,0.0229791241535934,-0.0078963696156979,-0.0839404059968513,-0.1742839360223707,0.8658620372036125,-0.0378323334764409,0.0,0.0052060258535284,0.0,0.0,-0.3819250298572283,-0.2064400502530645,1.451578908607405,0.0,2.441369999999999,1.110070440344435,-1.681729526226066
24,24,A,P,A,P24A,2.6912324406800465,-20.95915829297263,-18.267925852292585,1,1.0395967706386102,-0.722010528057158,-0.0852406672983931,-0.0068271633079632,-0.0878024601017486,-0.2454532238096609,0.7484763321348282,-0.0335237028895818,0.0,-0.0182223456452588,0.0,0.0,-0.3354704070911305,-0.1763893836480541,1.004663082749703,0.0,2.9678900000000006,0.3788306628513016,-1.7372845258454015
24,24,A,P,L,P24L,2.2255810952466746,-20.95915829297263,-18.733577197725957,1,0.3627823308811599,-0.871805126226052,0.0085100117024978,0.0072833487308858,-0.0263188531320635,-0.5903799579901543,0.7072231545711176,-0.0359017726273229,0.0,-0.007820243998629,0.0,0.0,-0.3133588961987428,0.1071574558885792,0.7862443698663989,0.0,3.304680000000001,0.4142212996319667,-1.6269360258529382
24,24,A,P,M,P24M,2.953134166969299,-20.95915829297263,-18.006024126003332,1,-0.999720478224873,-0.7451374474308672,0.1555445964411177,-0.0038892244418997,0.0753863612889267,-0.7926137791766701,0.4691116644691391,-0.0343079160582533,0.0,-0.0279021794789358,0.0,0.0,-0.3362987360330774,2.074569852474305,1.125568393586937,0.0,3.300560000000001,0.4774166246117097,-1.7851535650582306
24,24,A,P,F,P24F,3.5747683329235045,-20.95915829297263,-17.384389960049127,1,0.2552711714251643,-0.8314891807299372,0.05474605957437,0.0104549150125463,0.1568924985926765,-0.6303734660197557,0.8556425776935299,-0.032536702240403,0.0,-0.0360610495722388,0.0,0.0,-0.3148400308728261,1.660441731093318,0.8940537348827514,0.0,2.8614999999999995,0.4845010470056419,-1.8134349729213035
24,24,A,P,W,P24W,4.242986494340897,-20.95915829297263,-16.716171798631734,1,0.5173714613629414,-0.7578043940640438,0.0693072311455296,0.0101269672288187,0.155038459305679,-0.5452331955244576,0.8213420723514915,-0.0116250945806299,0.0,-0.0283150047116365,0.0,0.0,-0.3239340375497231,0.8962634363797122,0.84568695389026,0.0,3.904199999999999,0.4352853159649932,-1.7447236768580012
24,24,A,P,K,P24K,1.680653766079402,-20.95915829297263,-19.27850452689323,1,0.8120563031124703,-0.8093879807202597,0.0667395920859093,-0.0025847463284189,0.0412162822191808,-0.4715553074401297,0.6821708837496914,-0.0042366763987011,0.0,-0.0299223640543351,0.0,0.0,-0.346627662981151,0.9667143972082536,1.028931418819878,0.0,0.9286299999999984,0.4877025611614858,-1.6691929343544205
24,24,A,P,Q,P24Q,-0.1828167178250481,-20.95915829297263,-21.14197501079768,1,-0.2789265055684211,-0.8854388413108154,1.9071719232689048,0.0003288713707998,0.4103677543611699,0.1036729754693235,-1.5871498935577222,-0.0150571969002477,0.0,-1.720678584541151,0.0,0.0,-0.3779077288659769,2.0387096786521894,1.1303754431867323,0.0,0.1922600000000009,0.6657849195253434,-1.7663295329151565
24,24,A,P,E,P24E,1.464767300475316,-20.95915829297263,-19.494390992497316,1,0.8387828849882766,-0.878359720833517,0.0497840455790168,-0.0054895905828301,0.1935870789862468,-0.5224845274648757,0.7650556209650077,-0.0085522665274808,0.0,-0.0269402492451336,0.0,0.0,-0.3413901629307725,2.7158600598745792,1.0551125109937096,0.0,-1.081319999999998,0.5521654273796521,-1.841043810706509
24,24,A,P,S,P24S,1.5491477716824704,-20.95915829297263,-19.41001052129016,1,0.9113295476990686,-0.864189819484249,0.4072729913742847,-0.0078918995398523,-0.0339582722083875,-0.5031868771676944,0.0748849623720957,-0.0206562977709339,0.0,-0.0243750812936669,0.0,0.0,-0.3394334801751408,0.2435647645309302,1.3366178445414292,0.0,1.3535199999999996,0.7357886668900768,-1.7201392780854563
24,24,A,P,P,P24P,0.0,-20.95915829297263,-20.95915829297263,1,0.0,0.0,0.0,0.0,0.0,0.0,0.0,0.0,0.0,0.0,0.0,0.0,0.0,0.0,0.0,0.0,0.0,0.0,0.0
24,24,A,P,V,P24V,2.0768661913976807,-20.95915829297263,-18.88229210157495,1,0.21948068539605,-0.8319400137550499,-0.1520227753807148,0.0051729054624853,-0.035699771261819,-0.5951133978425274,0.7176639148747626,-0.0217211936731018,0.0,-0.0331668122284503,0.0,0.0,-0.4091646055380996,-0.0564153442310129,0.619373892320168,0.0,4.285899999999998,0.2246746078370964,-1.8601559005820807
24,24,A,P,I,P24I,2.072015730197755,-20.95915829297263,-18.887142562774876,1,0.2088485291151869,-0.8976622887861634,0.0963662422292799,0.010936991589526,-0.0076071792499705,-0.5803588438604512,0.6568092192607367,-0.0192564231253413,0.0,-0.0150618569953611,0.0,0.0,-0.4108180301232713,0.183168658356486,0.5584257979148917,0.0,3.946950000000001,0.1909601397099543,-1.8496852258377177
24,24,A,P,C,P24C,3.887090367974288,-20.95915829297263,-17.072067924998343,1,0.4034521070374666,-0.8479768733404605,0.1122091781155631,-0.007286484506655,-0.0399190481510673,-0.3544242626874458,-0.0190532278927975,-0.0114351598737627,0.0,-0.0234083330705843,0.0,0.0,-0.3582046685719751,0.1590587589700121,1.150816705838334,0.0,4.898,0.4884347961267696,-1.6631731200190585
24,24,A,P,Y,P24Y,2.8728804340494776,-20.95915829297263,-18.08627785892315,1,0.0447629934346025,-0.9346246735548434,0.1488021188709041,0.0093066293987224,0.1698656267519904,-0.6348558882919448,0.7479634180366972,-0.0317128414412515,0.0,-0.0080525525524635,0.0,0.0,-0.2819573213842601,1.7240596515264317,0.9708574222636436,0.0019218957374662,2.225439999999999,0.4802238861128991,-1.7591199308590877
24,24,A,P,H,P24H,2.475599444442569,-20.95915829297263,-18.483558848530063,1,-0.3142765135126097,-0.7001465886592353,2.062573438067531,-0.0038954355435005,0.2451308416030917,-0.6925303133143723,0.057956478988423,-0.0095215744741743,0.0,-0.0373505349239096,0.0,0.0,-0.320353676722537,1.0405861284484814,0.9893340274939844,0.0,1.3425599999999989,0.4406648228888894,-1.6251316558974782
24,24,A,P,R,P24R,2.4048383777163806,-20.95915829297263,-18.55431991525625,1,0.5598546647507305,-0.8460447723552846,0.3384005265985195,-0.0011404333775914,0.1557313222004772,-0.555705253882179,0.3813968707146458,-0.0321408686109236,0.0,-0.00752377925187,0.0,0.0,-0.3892582056673385,1.5117743281572975,1.0518206298296824,0.0,1.5484699999999982,0.539680403172552,-1.8504770545622955
24,24,A,P,N,P24N,2.0383570344498807,-20.95915829297263,-18.92080125852275,1,0.6628466991510464,-0.9316523681316848,0.4675698680603801,-0.0082725863003711,0.1779040740751876,-0.7424296443522165,0.8092331977003511,-0.0136749374371163,0.0,-0.0229514007073694,0.0,0.0,-0.3433297868339563,1.645314736048725,1.150432517983331,0.0,0.3029499999999991,0.7624605293752023,-1.878043864181599
24,24,A,P,D,P24D,2.4226568298561304,-20.95915829297263,-18.5365014631165,1,0.7117677846761552,-0.8057729619206793,1.1108480227269837,-0.0040246591644633,0.1965240674896922,-0.231292956047751,0.9876947002800804,-0.0035591242018355,0.0,0.0003105406792647,0.0,0.0,-0.3417106483367194,1.513912734509951,1.083075591623484,0.0,-0.5025300000000001,0.5020668950850098,-1.7946531575430311
24,24,A,P,T,P24T,2.1067992286901003,-20.95915829297263,-18.85235906428253,1,0.5389117904761207,-0.7595839945230463,0.1400283454770772,-0.0024295448939357,-0.0220783695622932,-0.7172032944499493,0.6191403849299206,-0.0053119179255993,0.0,-0.0333090871216645,0.0,0.0,-0.3733973019736014,-0.0401150559653871,1.0756434625246454,0.0,2.7949599999999997,0.7218119270176224,-1.8302681153197824
25,25,A,W,G,W25G,-2.7854218307751264,-13.78944848133059,-16.574870312105716,1,8.058305808141881,-1.5752454588326383,-1.7008613253499192,-0.0053109677447024,-0.416728108069671,0.1724532139007344,1.252345487926206,0.0,0.0,1.8927880271986837,0.0,0.0,-7.183724064412949,-1.5158910972181945,-0.1434375433053021,0.0,-1.4628300000000003,0.0132344203910079,-0.1705202234002598
25,25,A,W,A,W25A,0.9066274203381663,-13.78944848133059,-12.882821060992423,1,7.566383928573075,-1.3653944312824589,-1.7899517813763453,-0.0037634572283605,-0.4153061903587809,0.1696548317475832,1.118262814387073,0.0,0.0,1.8927880271986837,0.0,0.0,-3.5626469380353623,-1.5205332568342769,-0.0886276246581128,0.0,-0.9363099999999988,0.0026228418209726,-0.1605513436155039
25,25,A,W,L,W25L,0.328166038196839,-13.78944848133059,-13.46128244313375,1,2.7277345620751987,-0.3932339183204512,-1.936053206939505,-0.0042368424721254,-0.2331436739477892,-0.2429539630380013,0.998129496948586,0.0,0.0,1.8927880271986837,0.0,0.0,-3.1536020059498133,-0.8469662229476924,0.5206430130776556,0.0,-0.5995199999999983,1.841171534557404,-0.2425907620452978
25,25,A,W,M,W25M,-2.22408478249344,-13.78944848133059,-16.01353326382403,1,2.890966555993643,-0.7044662500291086,-1.848884000196378,0.0003128547111926,-0.3194499744929073,-0.0252998051951633,0.936578636209461,0.0,0.0,1.8927880271986837,0.0,0.0,-4.951622764287812,0.3441666102275249,0.0599254694191035,0.0,-0.6036399999999986,0.0657090944918863,0.0388307634564313
25,25,A,W,F,W25F,2.2125944365150136,-13.78944848133059,-11.576854044815576,1,1.9017779232661525,-0.3745657624423923,-2.320771425167763,0.017403668156596,-0.0877152051824685,-0.4053597960879989,0.7222300732897438,0.0,0.0,1.8927880271986837,0.0,0.0,1.206171911326761,0.010077282937317,0.1402878899296407,0.0,-1.0427,0.1372469789851376,0.4157228703056201
25,25,A,W,W,W25W,0.0,-13.78944848133059,-13.78944848133059,1,0.0,0.0,0.0,0.0,0.0,0.0,7.105427357601002e-15,0.0,0.0,0.0,0.0,0.0,0.0,0.0,0.0,0.0,0.0,0.0,0.0
25,25,A,W,K,W25K,-3.614100501434256,-13.78944848133059,-17.403548982764846,1,4.304218803377523,-0.6468147932971124,1.2081431398630684,-0.0108849825696767,-0.0958578517377608,-0.4792015559135922,0.3514737911556693,0.0,0.0,1.8927880271986837,0.0,0.0,-7.197416555181816,0.2729679139548473,-0.0125048746112121,0.0,-2.975570000000001,0.0494276698823767,-0.2748692335552256
25,25,A,W,Q,W25Q,-4.230333405662657,-13.78944848133059,-18.019781886993247,1,4.6894091984089386,-0.8556623677162829,0.8471391123637488,0.003604426179664,-0.0985027984445396,-0.0888078014382411,-0.8616743640778992,0.0,0.0,1.0938125871437974,0.0,0.0,-7.14934639305711,1.577411505782166,0.0463192243566352,0.0,-3.71194,0.0962767880791037,0.1816274767573826
25,25,A,W,E,W25E,-3.535147325217123,-13.78944848133059,-17.324595806547713,1,7.617894549726188,-1.4970768913868184,-1.3635677345017283,0.0005321933392027,0.049076828784587,0.1477977059423736,1.2590682775055342,0.0,0.0,1.8927880271986837,0.0,0.0,-7.1797009200912685,0.7513575190116235,-0.1295599664365367,0.0,-4.985519999999999,-0.0156588437718863,-0.0825780705370515
25,25,A,W,S,W25S,-3.964906464928203,-13.78944848133059,-17.754354946258793,1,7.629412306513402,-1.4849924826796226,-1.375229825751518,-0.0036169953468512,-0.2921704641357312,0.1105921371233904,1.0566976726254111,0.0,0.0,1.8927880271986837,0.0,0.0,-7.188637256079799,-1.488413047755639,-0.1076761747687646,0.0,-2.55068,0.0028961532197655,-0.1658765150909218
25,25,A,W,P,W25P,-2.8856846823291864,-13.78944848133059,-16.675133163659776,1,7.0988088366954685,-1.0111964433981573,-1.3251376235474766,-0.0019021785131216,-0.2161994767328501,0.0784579881958347,1.8411598209998488,0.0,0.0,1.8927880271986837,0.0,0.0,-7.127100083112046,-1.4321533691078443,-0.2585143564551031,0.0,-3.904199999999999,0.3452875159216653,1.134216659525924
25,25,A,W,V,W25V,1.9142562582940472,-13.78944848133059,-11.875192223036542,1,6.430703090170908,-0.6590404183828227,-1.7295985127997966,0.006452729224855,-0.2883293518032905,-0.0567042287600738,1.0246606455636211,0.0,0.0,1.8927880271986837,0.0,0.0,-3.4259151967411174,-1.515341617383129,0.0256777668653318,0.0,0.3817000000000021,0.0460033034854507,-0.2187999783445544
25,25,A,W,I,W25I,0.9207061172907594,-13.78944848133059,-12.86874236403983,1,3.8603469106923,-0.74030336890835,-1.5880886901987168,0.0239389273607528,-0.2455048199809395,-0.3581941172016085,1.072827810933738,0.0,0.0,1.8927880271986837,0.0,0.0,-3.380779440824975,-1.381813589655831,0.340767859206738,0.0,0.0427500000000016,0.9405235905137824,0.441447018155209
25,25,A,W,C,W25C,1.4138033280764135,-13.78944848133059,-12.375645153254176,1,4.870587080809372,-1.3068421545099227,-1.3612834296042848,-0.0021566590749733,-0.3835441869259459,-0.1746739006974103,0.5313645089892418,0.0,0.0,1.8927880271986837,0.0,0.0,-4.150983525052741,-0.9166412879556702,0.2818534807325195,0.0,0.9938000000000002,0.7904145200598851,0.349120854107662
25,25,A,W,Y,W25Y,3.790928546783462,-13.78944848133059,-9.998519934547128,1,1.5036613057466326,-0.6652346741144424,0.0542008306470762,0.0154388845261406,-0.0966817219921187,-0.2156508758063822,0.8120892119807976,0.0,0.0,1.8927880271986837,0.0,0.0,1.7829786147892968,0.1862380825807505,-0.0230024638862922,0.0092274268801482,-1.6787600000000005,-0.0211216903664794,0.2347575885996597
25,25,A,W,H,W25H,-1.3346039215840977,-13.78944848133059,-15.124052402914687,1,2.015966897837316,-0.7795308996989689,1.7704561856566698,-0.0016391675336348,0.0457187690546039,-0.1449014444233123,0.1526925152901412,0.0,0.0,-0.2614852864545582,0.0,0.0,-1.7510679528410735,-0.0312871203422666,0.0174071613135495,0.0,-2.5616400000000006,0.0550650031131727,0.1396414174442881
25,25,A,W,R,W25R,-0.9292318125788128,-13.78944848133059,-14.718680293909404,1,2.5710320735804544,-0.6490751490384383,1.8489179301835037,-0.0073079807108269,-0.0481998882874252,-0.3649714928876175,-0.0593512224203109,0.0,0.0,1.8927880271986837,-0.7526808794274933,0.0,-4.555699333787449,1.3230343570871703,0.0905403871039458,0.0,-2.355730000000001,0.1640852997597655,-0.0266139409327479
25,25,A,W,N,W25N,0.0864311284407737,-13.78944848133059,-13.703017352889816,1,5.23350623762029,-1.3440226961631063,0.7800247017190145,-0.0016165704881342,-0.0622636613964031,-0.6968413024158702,0.9329794763859524,0.0,0.0,1.8927880271986837,0.0,0.0,-3.4049824277184637,0.236283272745279,0.063621384546308,0.0,-3.6012500000000003,0.0964122198395145,-0.0382075334322902
25,25,A,W,D,W25D,-2.290549118691617,-13.78944848133059,-16.079997600022207,1,7.573892279269316,-1.5142803936203195,-1.2345243537023265,-0.002218032961703,0.5412130083434796,0.1297363773357975,1.4630665187419325,0.0,0.0,1.8927880271986837,0.0,0.0,-7.189535759147532,0.6169795000977665,-0.106485201976108,0.0,-4.40673,0.0059988588107806,-0.0604499470813753
25,25,A,W,T,W25T,-2.2035381137539254,-13.78944848133059,-15.992986595084515,1,7.426463483881847,-1.438999310890189,-0.7093837995799532,0.0154163094912266,-0.2713546260598374,-0.0762356380954027,0.8681126605686771,0.0,0.0,1.8927880271986837,0.0,0.0,-7.189816072779062,-1.4459990294029303,-0.0557031810006627,0.0,-1.1092399999999998,0.0026809774132647,-0.1122679144995721
